{"type":"FeatureCollection","schema":"gisit.county-crops.v1","crop_year":"2024","evidence_class":"MODELED","source":{"name":"USDA NASS Cropland Data Layer, county statistics","url":"https://nassgeodata.gmu.edu/CropScape/","classes":{"42":"DRY BEANS","51":"CHICKPEAS","52":"LENTILS","53":"PEAS"},"api_key_required":false},"boundaries":{"name":"US Census TIGERweb county boundaries","url":"https://tigerweb.geo.census.gov/arcgis/rest/services/TIGERweb/","generalised_degrees":0.004},"counties_queried":285,"counties_with_legumes":206,"counties_failed":[],"note":"Acreage is per CDL class per county. Each crop gets its own footprint; they are not interchangeable and must not be drawn under one another.","features":[{"type":"Feature","properties":{"fips":"20041","county":"Dickinson","state":"Kansas","acres":{"DRY BEANS":3.3,"PEAS":49.8},"region":"nw-kansas","region_overlap":0.0},"geometry":{"type":"Polygon","coordinates":[[[-97.26,39.133],[-97.371,39.132],[-97.372,38.93],[-97.381,38.929],[-97.381,38.914],[-97.372,38.914],[-97.372,38.609],[-96.93,38.609],[-96.934,38.655],[-96.927,38.696],[-96.927,38.812],[-96.89,38.812],[-96.89,38.87],[-96.927,38.87],[-96.926,38.979],[-96.947,38.971],[-96.951,38.977],[-96.951,38.971],[-96.963,38.965],[-96.963,39.132],[-97.26,39.133]]]}},{"type":"Feature","properties":{"fips":"31183","county":"Wheeler","state":"Nebraska","acres":{"DRY BEANS":0.9},"region":"sw-nebraska","region_overlap":0.0},"geometry":{"type":"Polygon","coordinates":[[[-98.761,42.071],[-98.759,41.74],[-98.296,41.741],[-98.295,42.089],[-98.761,42.089],[-98.761,42.071]]]}},{"type":"Feature","properties":{"fips":"20017","county":"Chase","state":"Kansas","acres":{"PEAS":0.4},"region":"nw-kansas","region_overlap":0.0},"geometry":{"type":"Polygon","coordinates":[[[-96.639,38.086],[-96.358,38.086],[-96.354,38.522],[-96.82,38.522],[-96.819,38.349],[-96.838,38.349],[-96.841,38.086],[-96.639,38.086]]]}},{"type":"Feature","properties":{"fips":"08105","county":"Rio Grande","state":"Colorado","acres":{"PEAS":712.1},"region":"western-colorado","region_overlap":0.0},"geometry":{"type":"Polygon","coordinates":[[[-106.257,37.401],[-106.039,37.401],[-106.038,37.748],[-106.586,37.748],[-106.587,37.834],[-106.694,37.835],[-106.696,37.664],[-106.712,37.664],[-106.711,37.404],[-106.257,37.401]]]}},{"type":"Feature","properties":{"fips":"20145","county":"Pawnee","state":"Kansas","acres":{"PEAS":0.2},"region":"nw-kansas","region_overlap":0.0},"geometry":{"type":"Polygon","coordinates":[[[-99.032,38.261],[-99.032,38.348],[-99.585,38.349],[-99.584,38.262],[-99.57,38.262],[-99.57,38.087],[-99.35,38.088],[-99.35,38.001],[-98.913,38.0],[-98.913,38.261],[-99.032,38.261]]]}},{"type":"Feature","properties":{"fips":"20065","county":"Graham","state":"Kansas","acres":{"PEAS":4.7},"region":"sw-nebraska","region_overlap":0.0},"geometry":{"type":"Polygon","coordinates":[[[-99.605,39.293],[-99.602,39.567],[-100.162,39.567],[-100.164,39.132],[-99.605,39.132],[-99.605,39.293]]]}},{"type":"Feature","properties":{"fips":"31059","county":"Fillmore","state":"Nebraska","acres":{"PEAS":0.4},"region":"sw-nebraska","region_overlap":0.0},"geometry":{"type":"Polygon","coordinates":[[[-97.596,40.351],[-97.369,40.35],[-97.368,40.699],[-97.825,40.699],[-97.824,40.351],[-97.596,40.351]]]}},{"type":"Feature","properties":{"fips":"20185","county":"Stafford","state":"Kansas","acres":{"PEAS":18.2},"region":"nw-kansas","region_overlap":0.0},"geometry":{"type":"Polygon","coordinates":[[[-98.472,37.912],[-98.472,38.261],[-98.913,38.261],[-98.913,38.0],[-99.022,38.0],[-99.023,37.825],[-98.472,37.824],[-98.472,37.912]]]}},{"type":"Feature","properties":{"fips":"20181","county":"Sherman","state":"Kansas","acres":{"DRY BEANS":981.9,"PEAS":482.6},"region":"nw-kansas","region_overlap":0.484},"geometry":{"type":"Polygon","coordinates":[[[-101.615,39.134],[-101.392,39.135],[-101.389,39.568],[-102.05,39.568],[-102.047,39.133],[-101.615,39.134]]]}},{"type":"Feature","properties":{"fips":"31025","county":"Cass","state":"Nebraska","acres":{"PEAS":10.7},"region":"sw-nebraska","region_overlap":0.0},"geometry":{"type":"Polygon","coordinates":[[[-95.95,40.784],[-95.834,40.784],[-95.845,40.811],[-95.837,40.835],[-95.849,40.861],[-95.843,40.87],[-95.816,40.88],[-95.809,40.891],[-95.84,40.933],[-95.83,40.977],[-95.867,41.001],[-95.87,41.009],[-95.86,41.037],[-95.889,41.058],[-95.961,41.061],[-95.987,41.053],[-96.003,41.061],[-96.056,41.065],[-96.103,41.052],[-96.145,41.018],[-96.214,40.994],[-96.233,41.001],[-96.248,41.018],[-96.297,41.027],[-96.319,41.045],[-96.349,41.045],[-96.349,41.015],[-96.464,41.016],[-96.464,40.784],[-95.95,40.784]]]}},{"type":"Feature","properties":{"fips":"20179","county":"Sheridan","state":"Kansas","acres":{"PEAS":36.7},"region":"sw-nebraska","region_overlap":0.0},"geometry":{"type":"Polygon","coordinates":[[[-100.72,39.482],[-100.721,39.133],[-100.164,39.132],[-100.162,39.567],[-100.72,39.568],[-100.72,39.482]]]}},{"type":"Feature","properties":{"fips":"31051","county":"Dixon","state":"Nebraska","acres":{"PEAS":1.1},"region":"sw-nebraska","region_overlap":0.0},"geometry":{"type":"Polygon","coordinates":[[[-96.781,42.664],[-96.801,42.67],[-96.806,42.704],[-96.907,42.734],[-96.938,42.72],[-96.962,42.72],[-96.966,42.727],[-96.961,42.739],[-96.969,42.754],[-96.98,42.76],[-97.016,42.761],[-97.018,42.264],[-96.726,42.264],[-96.722,42.525],[-96.631,42.524],[-96.633,42.54],[-96.644,42.558],[-96.684,42.576],[-96.71,42.605],[-96.709,42.622],[-96.688,42.646],[-96.691,42.656],[-96.728,42.667],[-96.781,42.664]]]}},{"type":"Feature","properties":{"fips":"20015","county":"Butler","state":"Kansas","acres":{"PEAS":2.2},"region":"nw-kansas","region_overlap":0.0},"geometry":{"type":"Polygon","coordinates":[[[-96.526,37.651],[-96.523,38.086],[-97.153,38.088],[-97.153,37.476],[-96.526,37.476],[-96.526,37.651]]]}},{"type":"Feature","properties":{"fips":"31091","county":"Hooker","state":"Nebraska","acres":{"PEAS":8.7},"region":"sw-nebraska","region_overlap":0.0},"geometry":{"type":"Polygon","coordinates":[[[-101.427,42.031],[-101.426,41.743],[-100.842,41.74],[-100.846,42.088],[-101.427,42.092],[-101.427,42.031]]]}},{"type":"Feature","properties":{"fips":"56005","county":"Campbell","state":"Wyoming","acres":{"PEAS":4.2},"region":"se-wyoming","region_overlap":0.0},"geometry":{"type":"Polygon","coordinates":[[[-106.025,44.98],[-106.023,44.869],[-106.018,44.869],[-106.014,44.858],[-106.008,44.521],[-106.014,44.521],[-106.017,44.375],[-106.009,43.822],[-106.018,43.821],[-106.017,43.495],[-105.08,43.498],[-105.079,44.176],[-105.084,44.217],[-105.086,44.528],[-105.085,44.787],[-105.077,44.786],[-105.077,45.0],[-105.913,45.0],[-105.928,44.993],[-106.025,44.993],[-106.025,44.98]]]}},{"type":"Feature","properties":{"fips":"31181","county":"Webster","state":"Nebraska","acres":{"PEAS":13.1},"region":"sw-nebraska","region_overlap":0.0},"geometry":{"type":"Polygon","coordinates":[[[-98.5,40.002],[-98.274,40.003],[-98.274,40.35],[-98.727,40.35],[-98.726,40.002],[-98.5,40.002]]]}},{"type":"Feature","properties":{"fips":"31043","county":"Dakota","state":"Nebraska","acres":{"PEAS":1.1},"region":"sw-nebraska","region_overlap":0.0},"geometry":{"type":"Polygon","coordinates":[[[-96.413,42.408],[-96.381,42.446],[-96.385,42.473],[-96.396,42.484],[-96.445,42.491],[-96.479,42.48],[-96.501,42.483],[-96.529,42.513],[-96.549,42.521],[-96.603,42.504],[-96.626,42.514],[-96.631,42.524],[-96.722,42.525],[-96.727,42.278],[-96.356,42.276],[-96.368,42.291],[-96.372,42.314],[-96.416,42.348],[-96.418,42.359],[-96.408,42.376],[-96.413,42.408]]]}},{"type":"Feature","properties":{"fips":"20051","county":"Ellis","state":"Kansas","acres":{"PEAS":0.2},"region":"nw-kansas","region_overlap":0.0},"geometry":{"type":"Polygon","coordinates":[[[-99.321,38.697],[-99.043,38.697],[-99.037,39.133],[-99.592,39.132],[-99.598,38.697],[-99.321,38.697]]]}},{"type":"Feature","properties":{"fips":"08009","county":"Baca","state":"Colorado","acres":{"DRY BEANS":19.3},"region":"nw-kansas","region_overlap":0.0},"geometry":{"type":"Polygon","coordinates":[[[-102.54,37.644],[-103.076,37.643],[-103.075,37.382],[-103.083,37.382],[-103.086,37.0],[-102.042,36.993],[-102.042,37.644],[-102.54,37.644]]]}},{"type":"Feature","properties":{"fips":"20005","county":"Atchison","state":"Kansas","acres":{"DRY BEANS":0.7},"region":"nw-kansas","region_overlap":0.0},"geometry":{"type":"Polygon","coordinates":[[[-95.097,39.528],[-95.114,39.554],[-95.107,39.574],[-95.092,39.581],[-95.06,39.579],[-95.046,39.602],[-95.054,39.615],[-95.085,39.615],[-95.087,39.621],[-95.098,39.621],[-95.099,39.635],[-95.115,39.641],[-95.115,39.653],[-95.564,39.653],[-95.57,39.419],[-94.969,39.419],[-94.987,39.445],[-95.041,39.466],[-95.054,39.503],[-95.097,39.528]]]}},{"type":"Feature","properties":{"fips":"31093","county":"Howard","state":"Nebraska","acres":{"PEAS":27.4},"region":"sw-nebraska","region_overlap":0.0},"geometry":{"type":"Polygon","coordinates":[[[-98.553,41.394],[-98.744,41.394],[-98.749,41.047],[-98.287,41.046],[-98.287,41.394],[-98.553,41.394]]]}},{"type":"Feature","properties":{"fips":"20031","county":"Coffey","state":"Kansas","acres":{"PEAS":3.8},"region":"nw-kansas","region_overlap":0.0},"geometry":{"type":"Polygon","coordinates":[[[-95.517,38.198],[-95.517,38.259],[-95.507,38.259],[-95.508,38.434],[-95.95,38.434],[-95.95,38.26],[-95.959,38.26],[-95.959,38.251],[-95.959,38.04],[-95.519,38.038],[-95.517,38.198]]]}},{"type":"Feature","properties":{"fips":"08125","county":"Yuma","state":"Colorado","acres":{"DRY BEANS":12299.8,"PEAS":1258.8},"region":"sw-nebraska","region_overlap":0.428},"geometry":{"type":"Polygon","coordinates":[[[-102.052,39.978],[-102.051,40.44],[-102.78,40.438],[-102.78,40.351],[-102.794,40.351],[-102.793,40.002],[-102.804,40.003],[-102.803,39.568],[-102.05,39.574],[-102.052,39.978]]]}},{"type":"Feature","properties":{"fips":"20169","county":"Saline","state":"Kansas","acres":{"DRY BEANS":0.4,"PEAS":2.0},"region":"nw-kansas","region_overlap":0.0},"geometry":{"type":"Polygon","coordinates":[[[-97.482,38.609],[-97.372,38.609],[-97.372,38.914],[-97.381,38.914],[-97.381,38.929],[-97.372,38.929],[-97.372,38.958],[-97.929,38.958],[-97.925,38.61],[-97.482,38.609]]]}},{"type":"Feature","properties":{"fips":"56029","county":"Park","state":"Wyoming","acres":{"DRY BEANS":4437.2,"PEAS":25.6},"region":"big-horn","region_overlap":0.093},"geometry":{"type":"Polygon","coordinates":[[[-111.055,45.0],[-111.053,44.666],[-110.668,44.666],[-110.668,44.583],[-110.375,44.583],[-110.373,44.571],[-110.385,44.564],[-110.339,44.548],[-110.315,44.556],[-110.295,44.547],[-110.289,44.54],[-110.298,44.53],[-110.276,44.516],[-110.296,44.43],[-110.278,44.414],[-110.26,44.409],[-110.254,44.39],[-110.229,44.375],[-110.225,44.339],[-110.203,44.328],[-110.203,44.313],[-110.21,44.314],[-110.204,44.306],[-110.189,44.3],[-110.182,44.309],[-110.183,44.302],[-110.174,44.305],[-110.171,44.296],[-110.162,44.299],[-110.145,44.283],[-110.141,44.274],[-110.151,44.271],[-110.14,44.263],[-110.143,44.254],[-110.132,44.25],[-110.138,44.237],[-110.133,44.226],[-110.124,44.211],[-110.115,44.216],[-110.11,44.21],[-110.124,44.204],[-110.109,44.193],[-110.124,44.192],[-110.114,44.189],[-110.118,44.181],[-110.105,44.185],[-110.123,44.175],[-110.116,44.168],[-110.128,44.159],[-110.127,44.143],[-110.116,44.136],[-110.12,44.133],[-110.053,44.133],[-110.053,44.008],[-110.032,44.001],[-110.019,43.98],[-110.019,43.968],[-110.002,43.967],[-110.002,43.955],[-109.994,43.95],[-109.959,43.965],[-109.922,43.946],[-109.884,43.949],[-109.859,43.958],[-109.858,43.942],[-109.874,43.93],[-109.852,43.927],[-109.848,43.908],[-109.859,43.901],[-109.833,43.895],[-109.818,43.883],[-109.832,43.872],[-109.814,43.862],[-109.855,43.848],[-109.856,43.842],[-109.85,43.837],[-109.856,43.828],[-109.843,43.82],[-109.828,43.824],[-109.826,43.816],[-109.787,43.801],[-109.764,43.821],[-109.753,43.817],[-109.72,43.838],[-109.666,43.846],[-109.672,43.868],[-109.667,43.881],[-109.654,43.885],[-109.654,43.907],[-109.644,43.921],[-109.614,43.927],[-109.605,43.948],[-109.584,43.938],[-109.567,43.955],[-109.542,43.961],[-109.512,43.939],[-109.476,43.949],[-109.472,43.932],[-109.442,43.93],[-109.434,43.914],[-109.405,43.902],[-109.398,43.884],[-109.374,43.877],[-109.367,43.843],[-109.326,43.838],[-109.313,43.813],[-109.094,43.818],[-109.093,43.904],[-108.913,43.905],[-108.916,43.991],[-108.792,43.991],[-108.792,44.08],[-108.551,44.079],[-108.551,44.168],[-108.574,44.168],[-108.573,44.521],[-108.592,44.521],[-108.592,44.871],[-108.62,44.871],[-108.621,45.0],[-109.081,44.999],[-109.103,45.006],[-110.106,45.004],[-110.183,44.997],[-110.407,44.999],[-110.446,44.994],[-110.704,44.992],[-110.79,45.001],[-111.055,45.0]]]}},{"type":"Feature","properties":{"fips":"08033","county":"Dolores","state":"Colorado","acres":{"DRY BEANS":3327.0},"region":"western-colorado","region_overlap":0.248},"geometry":{"type":"Polygon","coordinates":[[[-108.701,37.632],[-107.97,37.64],[-107.957,37.649],[-107.975,37.684],[-107.969,37.696],[-107.954,37.706],[-107.937,37.703],[-107.903,37.719],[-107.877,37.716],[-107.876,37.739],[-107.862,37.756],[-107.87,37.763],[-107.861,37.776],[-107.873,37.786],[-107.886,37.785],[-107.892,37.802],[-107.921,37.824],[-107.938,37.823],[-107.951,37.836],[-107.972,37.833],[-107.989,37.857],[-108.031,37.855],[-108.058,37.841],[-108.068,37.851],[-108.091,37.84],[-108.113,37.855],[-108.125,37.852],[-108.14,37.832],[-108.147,37.839],[-108.21,37.821],[-108.212,37.832],[-108.227,37.843],[-108.238,37.876],[-108.248,37.879],[-108.256,37.895],[-108.817,37.896],[-108.821,37.881],[-109.042,37.881],[-109.043,37.485],[-108.917,37.632],[-108.701,37.632]]]}},{"type":"Feature","properties":{"fips":"08005","county":"Arapahoe","state":"Colorado","acres":{"DRY BEANS":1.1},"region":"ne-colorado","region_overlap":0.0},"geometry":{"type":"MultiPolygon","coordinates":[[[[-105.054,39.568],[-103.707,39.566],[-103.707,39.74],[-104.885,39.74],[-104.887,39.729],[-104.875,39.726],[-104.871,39.71],[-104.866,39.711],[-104.871,39.698],[-104.866,39.697],[-104.904,39.699],[-104.904,39.689],[-104.894,39.693],[-104.889,39.682],[-104.903,39.679],[-104.905,39.686],[-104.904,39.668],[-104.876,39.664],[-104.877,39.672],[-104.871,39.675],[-104.866,39.66],[-104.847,39.657],[-104.876,39.645],[-104.88,39.653],[-104.885,39.624],[-104.913,39.624],[-104.913,39.639],[-104.932,39.646],[-104.932,39.653],[-104.955,39.653],[-104.973,39.668],[-105.0,39.668],[-105.011,39.661],[-105.006,39.677],[-105.016,39.679],[-105.016,39.661],[-105.035,39.653],[-105.03,39.64],[-105.035,39.633],[-105.025,39.629],[-105.053,39.632],[-105.054,39.568]]],[[[-104.904,39.625],[-104.903,39.624],[-104.904,39.627],[-104.904,39.625]]],[[[-104.903,39.686],[-104.899,39.683],[-104.899,39.686],[-104.903,39.686]]],[[[-104.911,39.682],[-104.911,39.68],[-104.908,39.68],[-104.911,39.682]]],[[[-104.929,39.702],[-104.929,39.701],[-104.928,39.701],[-104.929,39.702]]],[[[-104.93,39.675],[-104.913,39.656],[-104.918,39.673],[-104.93,39.675]]],[[[-104.934,39.673],[-104.932,39.667],[-104.927,39.669],[-104.934,39.673]]],[[[-104.941,39.706],[-104.941,39.695],[-104.928,39.697],[-104.934,39.701],[-104.927,39.704],[-104.932,39.711],[-104.941,39.711],[-104.941,39.706]],[[-104.934,39.7],[-104.932,39.7],[-104.932,39.698],[-104.934,39.7]]]]}},{"type":"Feature","properties":{"fips":"20137","county":"Norton","state":"Kansas","acres":{"PEAS":12.9},"region":"sw-nebraska","region_overlap":0.0},"geometry":{"type":"Polygon","coordinates":[[[-99.853,39.567],[-99.628,39.567],[-99.625,40.002],[-100.178,40.002],[-100.18,39.567],[-99.853,39.567]]]}},{"type":"Feature","properties":{"fips":"31177","county":"Washington","state":"Nebraska","acres":{"PEAS":8.5},"region":"sw-nebraska","region_overlap":0.0},"geometry":{"type":"Polygon","coordinates":[[[-96.097,41.545],[-96.081,41.578],[-96.117,41.608],[-96.117,41.621],[-96.101,41.635],[-96.095,41.65],[-96.123,41.683],[-96.445,41.684],[-96.444,41.524],[-96.434,41.524],[-96.435,41.495],[-96.425,41.495],[-96.425,41.48],[-96.406,41.48],[-96.406,41.466],[-96.386,41.466],[-96.386,41.451],[-96.367,41.451],[-96.367,41.437],[-96.329,41.437],[-96.329,41.393],[-95.938,41.391],[-95.93,41.411],[-95.933,41.431],[-95.92,41.453],[-95.936,41.465],[-95.967,41.463],[-96.014,41.478],[-96.02,41.492],[-95.993,41.512],[-96.0,41.539],[-96.023,41.543],[-96.035,41.512],[-96.045,41.507],[-96.084,41.527],[-96.097,41.545]]]}},{"type":"Feature","properties":{"fips":"31163","county":"Sherman","state":"Nebraska","acres":{"PEAS":4.7},"region":"sw-nebraska","region_overlap":0.0},"geometry":{"type":"Polygon","coordinates":[[[-98.748,41.192],[-98.744,41.394],[-99.203,41.394],[-99.208,41.047],[-98.749,41.047],[-98.748,41.192]]]}},{"type":"Feature","properties":{"fips":"20153","county":"Rawlins","state":"Kansas","acres":{"DRY BEANS":6.4,"PEAS":503.9},"region":"sw-nebraska","region_overlap":0.0},"geometry":{"type":"Polygon","coordinates":[[[-100.741,39.741],[-100.739,40.002],[-101.411,40.003],[-101.414,39.568],[-100.741,39.568],[-100.741,39.741]]]}},{"type":"Feature","properties":{"fips":"20193","county":"Thomas","state":"Kansas","acres":{"DRY BEANS":29.6,"PEAS":123.7},"region":"nw-kansas","region_overlap":0.0},"geometry":{"type":"Polygon","coordinates":[[[-100.721,39.264],[-100.72,39.568],[-101.389,39.568],[-101.392,39.135],[-100.721,39.133],[-100.721,39.264]]]}},{"type":"Feature","properties":{"fips":"31139","county":"Pierce","state":"Nebraska","acres":{"PEAS":18.2},"region":"sw-nebraska","region_overlap":0.0},"geometry":{"type":"Polygon","coordinates":[[[-97.485,42.091],[-97.368,42.091],[-97.368,42.439],[-97.834,42.438],[-97.835,42.09],[-97.485,42.091]]]}},{"type":"Feature","properties":{"fips":"31141","county":"Platte","state":"Nebraska","acres":{"PEAS":4.4},"region":"sw-nebraska","region_overlap":0.0},"geometry":{"type":"Polygon","coordinates":[[[-97.426,41.378],[-97.368,41.398],[-97.341,41.391],[-97.304,41.401],[-97.281,41.399],[-97.254,41.384],[-97.252,41.743],[-97.83,41.742],[-97.83,41.526],[-97.704,41.527],[-97.704,41.395],[-97.598,41.395],[-97.598,41.333],[-97.571,41.337],[-97.522,41.362],[-97.455,41.368],[-97.426,41.378]]]}},{"type":"Feature","properties":{"fips":"20061","county":"Geary","state":"Kansas","acres":{"DRY BEANS":7.8,"PEAS":35.6},"region":"nw-kansas","region_overlap":0.0},"geometry":{"type":"Polygon","coordinates":[[[-96.756,39.088],[-96.851,39.088],[-96.851,39.101],[-96.832,39.12],[-96.831,39.135],[-96.85,39.139],[-96.85,39.219],[-96.962,39.22],[-96.963,38.965],[-96.951,38.971],[-96.951,38.977],[-96.947,38.971],[-96.926,38.979],[-96.927,38.87],[-96.502,38.87],[-96.501,39.073],[-96.706,39.073],[-96.706,39.092],[-96.723,39.091],[-96.736,39.08],[-96.743,39.088],[-96.756,39.088]]]}},{"type":"Feature","properties":{"fips":"20131","county":"Nemaha","state":"Kansas","acres":{"DRY BEANS":4.9},"region":"sw-nebraska","region_overlap":0.0},"geometry":{"type":"Polygon","coordinates":[[[-95.788,39.914],[-95.788,40.0],[-96.239,40.001],[-96.239,39.566],[-95.789,39.566],[-95.788,39.914]]]}},{"type":"Feature","properties":{"fips":"31033","county":"Cheyenne","state":"Nebraska","acres":{"DRY BEANS":2416.3,"CHICKPEAS":1318.4,"PEAS":5511.8},"region":"ne-panhandle","region_overlap":0.785},"geometry":{"type":"Polygon","coordinates":[[[-102.964,41.002],[-102.621,41.003],[-102.621,41.048],[-102.61,41.048],[-102.609,41.395],[-102.637,41.395],[-102.637,41.439],[-103.369,41.438],[-103.37,41.395],[-103.378,41.394],[-103.376,41.048],[-103.382,41.048],[-103.382,41.002],[-102.964,41.002]]]}},{"type":"Feature","properties":{"fips":"31069","county":"Garden","state":"Nebraska","acres":{"DRY BEANS":340.5,"CHICKPEAS":6371.8,"PEAS":1209.6},"region":"ne-panhandle","region_overlap":0.317},"geometry":{"type":"Polygon","coordinates":[[[-102.679,41.844],[-102.677,41.787],[-102.664,41.743],[-102.636,41.743],[-102.637,41.395],[-102.609,41.395],[-102.61,41.222],[-102.056,41.222],[-102.055,41.395],[-101.985,41.395],[-101.986,41.742],[-102.068,41.742],[-102.067,42.009],[-102.678,42.005],[-102.679,41.844]]]}},{"type":"Feature","properties":{"fips":"31107","county":"Knox","state":"Nebraska","acres":{"PEAS":11.3},"region":"sw-nebraska","region_overlap":0.0},"geometry":{"type":"Polygon","coordinates":[[[-97.72,42.438],[-97.485,42.439],[-97.485,42.85],[-97.505,42.858],[-97.562,42.848],[-97.612,42.858],[-97.686,42.842],[-97.774,42.85],[-97.829,42.869],[-97.845,42.868],[-97.876,42.859],[-97.889,42.817],[-97.937,42.776],[-98.017,42.762],[-98.057,42.771],[-98.067,42.785],[-98.128,42.82],[-98.147,42.84],[-98.19,42.842],[-98.252,42.873],[-98.31,42.883],[-98.305,42.437],[-97.72,42.438]]]}},{"type":"Feature","properties":{"fips":"31049","county":"Deuel","state":"Nebraska","acres":{"DRY BEANS":45.8,"CHICKPEAS":4711.9,"PEAS":1097.5},"region":"ne-panhandle","region_overlap":0.046},"geometry":{"type":"Polygon","coordinates":[[[-102.26,41.002],[-102.052,41.002],[-102.056,41.222],[-102.61,41.222],[-102.61,41.048],[-102.621,41.048],[-102.621,41.003],[-102.26,41.002]]]}},{"type":"Feature","properties":{"fips":"20195","county":"Trego","state":"Kansas","acres":{"PEAS":104.7},"region":"nw-kansas","region_overlap":0.0},"geometry":{"type":"Polygon","coordinates":[[[-99.969,38.696],[-99.598,38.697],[-99.592,39.132],[-100.148,39.132],[-100.154,38.697],[-99.969,38.696]]]}},{"type":"Feature","properties":{"fips":"31045","county":"Dawes","state":"Nebraska","acres":{"DRY BEANS":1371.5,"CHICKPEAS":48.7,"PEAS":589.8},"region":"ne-panhandle","region_overlap":0.159},"geometry":{"type":"Polygon","coordinates":[[[-102.773,42.526],[-102.773,42.785],[-102.793,42.785],[-102.792,43.0],[-103.505,43.001],[-103.503,42.785],[-103.48,42.785],[-103.48,42.437],[-102.773,42.44],[-102.773,42.526]]]}},{"type":"Feature","properties":{"fips":"31083","county":"Harlan","state":"Nebraska","acres":{"PEAS":0.7},"region":"sw-nebraska","region_overlap":0.0},"geometry":{"type":"Polygon","coordinates":[[[-99.292,40.002],[-99.179,40.002],[-99.179,40.351],[-99.63,40.351],[-99.628,40.002],[-99.292,40.002]]]}},{"type":"Feature","properties":{"fips":"20147","county":"Phillips","state":"Kansas","acres":{"PEAS":3.8},"region":"sw-nebraska","region_overlap":0.0},"geometry":{"type":"Polygon","coordinates":[[[-99.291,40.002],[-99.625,40.002],[-99.628,39.567],[-99.066,39.568],[-99.067,40.002],[-99.291,40.002]]]}},{"type":"Feature","properties":{"fips":"31089","county":"Holt","state":"Nebraska","acres":{"DRY BEANS":174.1,"PEAS":67.8},"region":"sw-nebraska","region_overlap":0.0},"geometry":{"type":"Polygon","coordinates":[[[-98.65,42.089],[-98.301,42.089],[-98.305,42.761],[-98.341,42.771],[-98.366,42.768],[-98.416,42.776],[-98.466,42.766],[-98.548,42.782],[-98.584,42.78],[-98.657,42.809],[-98.675,42.803],[-98.71,42.803],[-98.763,42.828],[-98.811,42.828],[-98.843,42.846],[-98.888,42.843],[-98.955,42.894],[-98.967,42.897],[-98.994,42.894],[-99.057,42.863],[-99.154,42.842],[-99.257,42.804],[-99.257,42.783],[-99.246,42.782],[-99.245,42.435],[-99.234,42.435],[-99.235,42.088],[-98.65,42.089]]]}},{"type":"Feature","properties":{"fips":"20003","county":"Anderson","state":"Kansas","acres":{"PEAS":42.9},"region":"nw-kansas","region_overlap":0.0},"geometry":{"type":"Polygon","coordinates":[[[-95.188,38.038],[-95.078,38.038],[-95.075,38.259],[-95.065,38.259],[-95.066,38.39],[-95.508,38.39],[-95.507,38.259],[-95.517,38.259],[-95.519,38.038],[-95.188,38.038]]]}},{"type":"Feature","properties":{"fips":"20201","county":"Washington","state":"Kansas","acres":{"PEAS":15.3},"region":"sw-nebraska","region_overlap":0.0},"geometry":{"type":"Polygon","coordinates":[[[-97.031,40.001],[-97.369,40.002],[-97.369,39.567],[-96.807,39.566],[-96.806,40.001],[-97.031,40.001]]]}},{"type":"Feature","properties":{"fips":"08083","county":"Montezuma","state":"Colorado","acres":{"DRY BEANS":788.8},"region":"western-colorado","region_overlap":0.144},"geometry":{"type":"Polygon","coordinates":[[[-109.046,37.329],[-109.045,36.999],[-108.379,37.0],[-108.372,37.029],[-108.355,37.026],[-108.354,37.039],[-108.334,37.055],[-108.321,37.097],[-108.31,37.105],[-108.31,37.129],[-108.29,37.146],[-108.297,37.171],[-108.293,37.198],[-108.297,37.213],[-108.291,37.223],[-108.261,37.235],[-108.235,37.275],[-108.22,37.287],[-108.213,37.3],[-108.216,37.312],[-108.203,37.326],[-108.208,37.335],[-108.198,37.355],[-108.173,37.366],[-108.152,37.363],[-108.14,37.373],[-108.106,37.382],[-108.105,37.406],[-108.08,37.429],[-108.078,37.439],[-108.053,37.438],[-108.044,37.443],[-108.033,37.465],[-108.035,37.532],[-108.025,37.54],[-108.018,37.567],[-108.023,37.591],[-107.987,37.625],[-107.972,37.63],[-107.97,37.64],[-108.309,37.632],[-108.917,37.632],[-109.043,37.485],[-109.046,37.329]]]}},{"type":"Feature","properties":{"fips":"31055","county":"Douglas","state":"Nebraska","acres":{"PEAS":19.1},"region":"sw-nebraska","region_overlap":0.0},"geometry":{"type":"Polygon","coordinates":[[[-96.052,41.191],[-95.924,41.191],[-95.927,41.209],[-95.911,41.235],[-95.922,41.263],[-95.914,41.272],[-95.929,41.281],[-95.928,41.298],[-95.906,41.301],[-95.913,41.28],[-95.903,41.274],[-95.877,41.285],[-95.871,41.297],[-95.886,41.318],[-95.925,41.321],[-95.955,41.342],[-95.954,41.354],[-95.93,41.367],[-95.939,41.393],[-96.471,41.393],[-96.458,41.379],[-96.421,41.364],[-96.407,41.337],[-96.408,41.315],[-96.378,41.298],[-96.361,41.28],[-96.35,41.262],[-96.365,41.236],[-96.362,41.219],[-96.353,41.206],[-96.327,41.19],[-96.052,41.191]]]}},{"type":"Feature","properties":{"fips":"31057","county":"Dundy","state":"Nebraska","acres":{"DRY BEANS":7124.9,"PEAS":253.1},"region":"sw-nebraska","region_overlap":0.988},"geometry":{"type":"Polygon","coordinates":[[[-101.325,40.22],[-101.323,40.351],[-102.052,40.349],[-102.052,40.003],[-101.324,40.003],[-101.325,40.22]]]}},{"type":"Feature","properties":{"fips":"08097","county":"Pitkin","state":"Colorado","acres":{"DRY BEANS":0.2},"region":"western-colorado","region_overlap":0.0},"geometry":{"type":"Polygon","coordinates":[[[-107.466,39.322],[-107.456,39.307],[-107.439,39.309],[-107.437,39.3],[-107.413,39.292],[-107.398,39.295],[-107.394,39.279],[-107.378,39.275],[-107.395,39.257],[-107.371,39.239],[-107.379,39.231],[-107.377,39.2],[-107.353,39.173],[-107.296,39.154],[-107.282,39.119],[-107.066,39.119],[-106.997,39.069],[-106.989,39.071],[-106.99,39.052],[-107.002,39.042],[-106.996,39.034],[-106.964,39.03],[-106.965,39.018],[-106.91,39.001],[-106.908,38.993],[-106.884,38.99],[-106.878,38.994],[-106.878,39.006],[-106.862,39.009],[-106.846,38.986],[-106.827,38.978],[-106.804,38.978],[-106.784,38.987],[-106.783,38.999],[-106.745,39.027],[-106.749,39.043],[-106.71,39.048],[-106.703,39.056],[-106.693,39.055],[-106.684,39.045],[-106.655,39.044],[-106.647,39.033],[-106.648,39.022],[-106.613,38.996],[-106.598,38.999],[-106.592,39.025],[-106.6,39.034],[-106.597,39.045],[-106.578,39.053],[-106.577,39.079],[-106.586,39.094],[-106.58,39.102],[-106.564,39.106],[-106.558,39.12],[-106.565,39.133],[-106.559,39.144],[-106.561,39.156],[-106.552,39.161],[-106.538,39.158],[-106.535,39.163],[-106.521,39.157],[-106.511,39.164],[-106.51,39.175],[-106.494,39.198],[-106.49,39.228],[-106.499,39.235],[-106.498,39.242],[-106.481,39.26],[-106.483,39.272],[-106.504,39.285],[-106.503,39.298],[-106.484,39.313],[-106.476,39.315],[-106.468,39.307],[-106.451,39.317],[-106.432,39.316],[-106.427,39.323],[-106.435,39.347],[-106.426,39.362],[-107.431,39.366],[-107.431,39.348],[-107.466,39.322]]]}},{"type":"Feature","properties":{"fips":"20071","county":"Greeley","state":"Kansas","acres":{"DRY BEANS":0.2,"PEAS":145.4},"region":"nw-kansas","region_overlap":0.168},"geometry":{"type":"Polygon","coordinates":[[[-102.045,38.589],[-102.044,38.262],[-101.567,38.263],[-101.567,38.7],[-102.045,38.698],[-102.045,38.589]]]}},{"type":"Feature","properties":{"fips":"08121","county":"Washington","state":"Colorado","acres":{"DRY BEANS":894.5,"PEAS":1685.8},"region":"ne-colorado","region_overlap":0.249},"geometry":{"type":"Polygon","coordinates":[[[-103.473,40.168],[-103.472,40.002],[-103.706,40.001],[-103.707,39.566],[-102.803,39.568],[-102.804,40.003],[-102.793,40.002],[-102.794,40.351],[-102.78,40.351],[-102.78,40.438],[-103.465,40.436],[-103.473,40.168]]]}},{"type":"Feature","properties":{"fips":"20045","county":"Douglas","state":"Kansas","acres":{"DRY BEANS":0.7,"PEAS":0.4},"region":"nw-kansas","region_overlap":0.0},"geometry":{"type":"Polygon","coordinates":[[[-95.242,38.739],[-95.056,38.739],[-95.056,38.982],[-95.069,38.987],[-95.085,38.982],[-95.087,38.974],[-95.074,38.964],[-95.085,38.954],[-95.101,38.956],[-95.111,38.969],[-95.14,38.969],[-95.164,38.982],[-95.17,38.966],[-95.186,38.965],[-95.187,39.044],[-95.282,39.047],[-95.284,39.032],[-95.298,39.042],[-95.341,39.032],[-95.431,39.069],[-95.457,39.068],[-95.492,39.054],[-95.5,39.057],[-95.501,38.739],[-95.242,38.739]]]}},{"type":"Feature","properties":{"fips":"31103","county":"Keya Paha","state":"Nebraska","acres":{"DRY BEANS":899.6,"PEAS":86.5},"region":"ne-panhandle","region_overlap":0.0},"geometry":{"type":"Polygon","coordinates":[[[-100.199,42.964],[-100.198,42.846],[-100.188,42.838],[-100.163,42.833],[-100.161,42.828],[-100.145,42.83],[-100.134,42.821],[-100.139,42.814],[-100.135,42.808],[-100.056,42.785],[-100.008,42.789],[-99.969,42.772],[-99.898,42.765],[-99.862,42.769],[-99.853,42.751],[-99.837,42.754],[-99.819,42.743],[-99.777,42.735],[-99.752,42.738],[-99.709,42.727],[-99.66,42.735],[-99.621,42.723],[-99.571,42.724],[-99.537,42.718],[-99.476,42.735],[-99.462,42.752],[-99.437,42.754],[-99.415,42.772],[-99.396,42.772],[-99.378,42.782],[-99.338,42.78],[-99.3,42.796],[-99.275,42.795],[-99.257,42.804],[-99.254,42.998],[-100.198,42.999],[-100.199,42.964]]]}},{"type":"Feature","properties":{"fips":"31007","county":"Banner","state":"Nebraska","acres":{"DRY BEANS":3162.7,"CHICKPEAS":1044.8,"PEAS":969.0},"region":"ne-panhandle","region_overlap":0.762},"geometry":{"type":"Polygon","coordinates":[[[-104.053,41.622],[-104.052,41.393],[-103.37,41.395],[-103.37,41.699],[-104.053,41.698],[-104.053,41.622]]]}},{"type":"Feature","properties":{"fips":"31003","county":"Antelope","state":"Nebraska","acres":{"DRY BEANS":1167.8},"region":"sw-nebraska","region_overlap":0.0},"geometry":{"type":"Polygon","coordinates":[[[-97.95,41.916],[-97.833,41.916],[-97.834,42.438],[-98.3,42.437],[-98.296,41.915],[-97.95,41.916]]]}},{"type":"Feature","properties":{"fips":"08069","county":"Larimer","state":"Colorado","acres":{"DRY BEANS":411.7,"CHICKPEAS":1.3},"region":"ne-colorado","region_overlap":0.011},"geometry":{"type":"Polygon","coordinates":[[[-105.237,40.262],[-105.055,40.262],[-105.057,40.349],[-104.946,40.349],[-104.943,40.998],[-106.192,40.996],[-106.195,40.988],[-106.185,40.964],[-106.189,40.946],[-106.185,40.934],[-106.131,40.897],[-106.131,40.874],[-106.105,40.86],[-106.108,40.852],[-106.099,40.85],[-106.1,40.842],[-106.058,40.817],[-106.045,40.792],[-106.03,40.782],[-106.022,40.755],[-105.991,40.727],[-105.989,40.71],[-105.973,40.696],[-105.971,40.681],[-105.948,40.642],[-105.947,40.617],[-105.93,40.606],[-105.922,40.574],[-105.911,40.566],[-105.905,40.535],[-105.908,40.516],[-105.869,40.521],[-105.852,40.507],[-105.855,40.486],[-105.807,40.475],[-105.806,40.447],[-105.816,40.437],[-105.817,40.424],[-105.792,40.4],[-105.791,40.386],[-105.774,40.365],[-105.752,40.349],[-105.736,40.347],[-105.713,40.326],[-105.702,40.324],[-105.698,40.318],[-105.702,40.312],[-105.69,40.309],[-105.687,40.294],[-105.681,40.292],[-105.686,40.288],[-105.681,40.284],[-105.678,40.268],[-105.653,40.26],[-105.237,40.262]]]}},{"type":"Feature","properties":{"fips":"20197","county":"Wabaunsee","state":"Kansas","acres":{"DRY BEANS":141.4},"region":"nw-kansas","region_overlap":0.0},"geometry":{"type":"Polygon","coordinates":[[[-96.187,38.739],[-95.946,38.739],[-95.947,39.099],[-95.958,39.1],[-95.973,39.112],[-95.995,39.109],[-96.009,39.116],[-95.992,39.126],[-95.994,39.134],[-96.02,39.12],[-96.041,39.127],[-96.043,39.141],[-96.09,39.153],[-96.084,39.163],[-96.061,39.157],[-96.057,39.161],[-96.084,39.194],[-96.096,39.192],[-96.107,39.201],[-96.123,39.187],[-96.153,39.193],[-96.177,39.189],[-96.182,39.206],[-96.217,39.2],[-96.234,39.212],[-96.269,39.179],[-96.294,39.195],[-96.311,39.196],[-96.325,39.186],[-96.329,39.16],[-96.337,39.162],[-96.347,39.154],[-96.359,39.158],[-96.358,39.173],[-96.378,39.164],[-96.389,39.173],[-96.391,39.043],[-96.501,39.044],[-96.501,38.826],[-96.39,38.826],[-96.39,38.739],[-96.187,38.739]]]}},{"type":"Feature","properties":{"fips":"20059","county":"Franklin","state":"Kansas","acres":{"PEAS":4.4},"region":"nw-kansas","region_overlap":0.0},"geometry":{"type":"Polygon","coordinates":[[[-95.36,38.39],[-95.066,38.39],[-95.066,38.695],[-95.057,38.695],[-95.056,38.739],[-95.501,38.739],[-95.501,38.695],[-95.508,38.695],[-95.509,38.659],[-95.508,38.39],[-95.36,38.39]]]}},{"type":"Feature","properties":{"fips":"20129","county":"Morton","state":"Kansas","acres":{"DRY BEANS":11.8},"region":"nw-kansas","region_overlap":0.0},"geometry":{"type":"Polygon","coordinates":[[[-101.827,36.994],[-101.555,36.995],[-101.557,37.388],[-102.042,37.389],[-102.042,36.993],[-101.827,36.994]]]}},{"type":"Feature","properties":{"fips":"31117","county":"McPherson","state":"Nebraska","acres":{"DRY BEANS":4.2,"PEAS":3.1},"region":"sw-nebraska","region_overlap":0.0},"geometry":{"type":"Polygon","coordinates":[[[-101.407,41.63],[-101.407,41.395],[-100.713,41.394],[-100.711,41.74],[-101.406,41.743],[-101.407,41.63]]]}},{"type":"Feature","properties":{"fips":"31145","county":"Red Willow","state":"Nebraska","acres":{"DRY BEANS":271.8,"PEAS":81.0},"region":"sw-nebraska","region_overlap":0.153},"geometry":{"type":"Polygon","coordinates":[[[-100.31,40.35],[-100.758,40.35],[-100.759,40.002],[-100.194,40.002],[-100.198,40.35],[-100.31,40.35]]]}},{"type":"Feature","properties":{"fips":"20159","county":"Rice","state":"Kansas","acres":{"PEAS":51.8},"region":"nw-kansas","region_overlap":0.0},"geometry":{"type":"Polygon","coordinates":[[[-98.142,38.174],[-97.922,38.174],[-97.924,38.523],[-98.48,38.522],[-98.48,38.261],[-98.472,38.261],[-98.473,38.173],[-98.216,38.173],[-98.216,38.159],[-98.142,38.16],[-98.142,38.174]]]}},{"type":"Feature","properties":{"fips":"20075","county":"Hamilton","state":"Kansas","acres":{"DRY BEANS":1.3,"PEAS":0.2},"region":"nw-kansas","region_overlap":0.0},"geometry":{"type":"Polygon","coordinates":[[[-102.045,38.262],[-102.042,37.739],[-101.527,37.736],[-101.527,37.828],[-101.543,37.828],[-101.542,38.263],[-102.045,38.262]]]}},{"type":"Feature","properties":{"fips":"20087","county":"Jefferson","state":"Kansas","acres":{"DRY BEANS":0.7},"region":"nw-kansas","region_overlap":0.0},"geometry":{"type":"Polygon","coordinates":[[[-95.18,39.289],[-95.181,39.419],[-95.589,39.419],[-95.589,39.129],[-95.595,39.129],[-95.597,39.065],[-95.582,39.054],[-95.549,39.068],[-95.515,39.067],[-95.494,39.054],[-95.457,39.068],[-95.431,39.069],[-95.341,39.032],[-95.298,39.042],[-95.284,39.032],[-95.282,39.047],[-95.187,39.044],[-95.188,39.129],[-95.18,39.129],[-95.18,39.289]]]}},{"type":"Feature","properties":{"fips":"20073","county":"Greenwood","state":"Kansas","acres":{"PEAS":41.6},"region":"nw-kansas","region_overlap":0.0},"geometry":{"type":"Polygon","coordinates":[[[-96.358,38.086],[-96.523,38.086],[-96.525,37.607],[-95.961,37.604],[-95.959,38.171],[-96.357,38.173],[-96.358,38.086]]]}},{"type":"Feature","properties":{"fips":"56011","county":"Crook","state":"Wyoming","acres":{"LENTILS":7.3,"PEAS":9.3},"region":"ne-panhandle","region_overlap":0.0},"geometry":{"type":"Polygon","coordinates":[[[-104.461,44.181],[-104.054,44.18],[-104.058,44.997],[-105.077,45.0],[-105.077,44.786],[-105.085,44.787],[-105.086,44.769],[-105.082,44.176],[-104.461,44.181]]]}},{"type":"Feature","properties":{"fips":"20029","county":"Cloud","state":"Kansas","acres":{"DRY BEANS":0.4,"PEAS":15.6},"region":"sw-nebraska","region_overlap":0.0},"geometry":{"type":"Polygon","coordinates":[[[-97.786,39.654],[-97.931,39.654],[-97.929,39.306],[-97.37,39.306],[-97.369,39.654],[-97.786,39.654]]]}},{"type":"Feature","properties":{"fips":"20187","county":"Stanton","state":"Kansas","acres":{"DRY BEANS":3.3},"region":"nw-kansas","region_overlap":0.0},"geometry":{"type":"Polygon","coordinates":[[[-102.042,37.739],[-102.042,37.389],[-101.526,37.388],[-101.527,37.736],[-102.042,37.739]]]}},{"type":"Feature","properties":{"fips":"08013","county":"Boulder","state":"Colorado","acres":{"DRY BEANS":40.7},"region":"ne-colorado","region_overlap":0.0},"geometry":{"type":"MultiPolygon","coordinates":[[[[-105.166,39.914],[-105.147,39.914],[-105.147,39.929],[-105.138,39.929],[-105.138,39.94],[-105.128,39.94],[-105.128,39.954],[-105.11,39.957],[-105.121,39.951],[-105.109,39.951],[-105.109,39.943],[-105.119,39.943],[-105.119,39.934],[-105.109,39.925],[-105.113,39.932],[-105.109,39.936],[-105.091,39.936],[-105.091,39.943],[-105.077,39.943],[-105.072,39.958],[-105.088,39.96],[-105.053,39.978],[-105.055,40.262],[-105.653,40.26],[-105.644,40.25],[-105.66,40.249],[-105.669,40.224],[-105.663,40.22],[-105.67,40.219],[-105.678,40.189],[-105.67,40.185],[-105.668,40.158],[-105.636,40.146],[-105.627,40.119],[-105.637,40.107],[-105.633,40.081],[-105.641,40.073],[-105.639,40.067],[-105.651,40.058],[-105.637,40.046],[-105.641,40.035],[-105.662,40.016],[-105.69,40.015],[-105.691,39.997],[-105.683,39.995],[-105.69,39.97],[-105.685,39.959],[-105.694,39.95],[-105.683,39.934],[-105.457,39.932],[-105.44,39.938],[-105.419,39.929],[-105.414,39.934],[-105.398,39.935],[-105.398,39.913],[-105.166,39.914]],[[-105.109,39.956],[-105.103,39.959],[-105.091,39.958],[-105.109,39.956]]],[[[-105.082,39.959],[-105.053,39.958],[-105.053,39.966],[-105.058,39.975],[-105.082,39.959]]]]}},{"type":"Feature","properties":{"fips":"20157","county":"Republic","state":"Kansas","acres":{"PEAS":3.8},"region":"sw-nebraska","region_overlap":0.0},"geometry":{"type":"Polygon","coordinates":[[[-97.369,39.915],[-97.369,40.002],[-97.932,40.002],[-97.931,39.654],[-97.369,39.654],[-97.369,39.915]]]}},{"type":"Feature","properties":{"fips":"20095","county":"Kingman","state":"Kansas","acres":{"PEAS":25.4},"region":"nw-kansas","region_overlap":0.0},"geometry":{"type":"Polygon","coordinates":[[[-98.135,37.384],[-97.807,37.386],[-97.808,37.734],[-98.465,37.733],[-98.465,37.384],[-98.135,37.384]]]}},{"type":"Feature","properties":{"fips":"31131","county":"Otoe","state":"Nebraska","acres":{"PEAS":43.6},"region":"sw-nebraska","region_overlap":0.0},"geometry":{"type":"Polygon","coordinates":[[[-95.897,40.523],[-95.71,40.524],[-95.722,40.528],[-95.749,40.524],[-95.767,40.532],[-95.764,40.554],[-95.775,40.574],[-95.75,40.596],[-95.75,40.607],[-95.769,40.621],[-95.771,40.64],[-95.784,40.655],[-95.842,40.677],[-95.854,40.704],[-95.885,40.721],[-95.889,40.736],[-95.882,40.751],[-95.843,40.771],[-95.834,40.784],[-96.464,40.784],[-96.464,40.523],[-95.897,40.523]]]}},{"type":"Feature","properties":{"fips":"20139","county":"Osage","state":"Kansas","acres":{"PEAS":0.2},"region":"nw-kansas","region_overlap":0.0},"geometry":{"type":"Polygon","coordinates":[[[-95.6,38.434],[-95.508,38.434],[-95.509,38.659],[-95.508,38.695],[-95.501,38.695],[-95.501,38.87],[-95.947,38.87],[-95.95,38.434],[-95.6,38.434]]]}},{"type":"Feature","properties":{"fips":"31063","county":"Frontier","state":"Nebraska","acres":{"DRY BEANS":1.6,"PEAS":146.6},"region":"sw-nebraska","region_overlap":0.01},"geometry":{"type":"Polygon","coordinates":[[[-100.437,40.7],[-100.778,40.7],[-100.783,40.542],[-100.777,40.349],[-100.095,40.351],[-100.095,40.439],[-99.981,40.438],[-99.982,40.7],[-100.437,40.7]]]}},{"type":"Feature","properties":{"fips":"08089","county":"Otero","state":"Colorado","acres":{"DRY BEANS":313.6},"region":"nw-kansas","region_overlap":0.0},"geometry":{"type":"Polygon","coordinates":[[[-103.674,38.113],[-103.803,38.113],[-103.812,38.118],[-103.836,38.113],[-103.846,38.123],[-103.866,38.129],[-103.901,38.125],[-103.899,38.131],[-103.906,38.135],[-103.913,38.134],[-103.913,38.125],[-103.923,38.13],[-103.934,38.124],[-103.974,38.132],[-103.975,38.14],[-103.995,38.147],[-104.027,38.14],[-104.058,38.146],[-104.058,37.644],[-103.404,37.644],[-103.4,38.265],[-103.51,38.265],[-103.509,38.173],[-103.619,38.171],[-103.619,38.113],[-103.674,38.113]]]}},{"type":"Feature","properties":{"fips":"08087","county":"Morgan","state":"Colorado","acres":{"DRY BEANS":358.3,"PEAS":22.9},"region":"ne-colorado","region_overlap":0.132},"geometry":{"type":"Polygon","coordinates":[[[-103.866,40.001],[-103.472,40.002],[-103.471,40.35],[-103.465,40.35],[-103.467,40.523],[-104.148,40.524],[-104.15,40.001],[-103.866,40.001]]]}},{"type":"Feature","properties":{"fips":"08023","county":"Costilla","state":"Colorado","acres":{"PEAS":286.9},"region":"ne-colorado","region_overlap":0.0},"geometry":{"type":"Polygon","coordinates":[[[-105.753,37.344],[-105.746,37.324],[-105.738,37.32],[-105.743,37.316],[-105.738,37.306],[-105.729,37.305],[-105.72,37.286],[-105.728,37.285],[-105.724,37.275],[-105.738,37.266],[-105.746,37.249],[-105.741,37.24],[-105.746,37.218],[-105.736,37.2],[-105.739,37.191],[-105.73,37.18],[-105.738,37.166],[-105.732,37.153],[-105.749,37.135],[-105.75,37.114],[-105.741,37.102],[-105.77,37.065],[-105.764,37.056],[-105.771,37.046],[-105.761,37.026],[-105.75,37.027],[-105.746,37.014],[-105.725,37.013],[-105.719,36.996],[-105.155,36.995],[-105.154,37.293],[-105.165,37.291],[-105.169,37.375],[-105.167,37.388],[-105.157,37.398],[-105.139,37.401],[-105.13,37.409],[-105.139,37.416],[-105.156,37.457],[-105.176,37.457],[-105.177,37.476],[-105.182,37.479],[-105.175,37.485],[-105.171,37.513],[-105.184,37.54],[-105.179,37.549],[-105.196,37.57],[-105.218,37.582],[-105.204,37.594],[-105.193,37.592],[-105.196,37.609],[-105.184,37.616],[-105.188,37.62],[-105.215,37.626],[-105.236,37.621],[-105.253,37.631],[-105.255,37.64],[-105.267,37.638],[-105.285,37.646],[-105.297,37.658],[-105.355,37.636],[-105.37,37.639],[-105.4,37.613],[-105.408,37.618],[-105.442,37.612],[-105.454,37.59],[-105.491,37.575],[-105.496,37.564],[-105.753,37.344]]]}},{"type":"Feature","properties":{"fips":"08014","county":"Broomfield","state":"Colorado","acres":{"DRY BEANS":1.3},"region":"ne-colorado","region_overlap":0.0},"geometry":{"type":"MultiPolygon","coordinates":[[[[-105.166,39.902],[-105.165,39.891],[-105.135,39.889],[-105.129,39.89],[-105.129,39.9],[-105.147,39.9],[-105.147,39.914],[-105.109,39.914],[-105.097,39.9],[-105.084,39.899],[-105.072,39.9],[-105.072,39.907],[-105.062,39.907],[-105.062,39.914],[-105.034,39.914],[-105.034,39.921],[-105.015,39.921],[-105.016,39.943],[-104.997,39.943],[-105.017,39.953],[-105.016,39.981],[-104.997,39.981],[-104.997,39.969],[-104.988,39.968],[-104.997,39.974],[-104.988,39.976],[-104.981,40.0],[-104.961,40.0],[-104.961,40.044],[-104.979,40.044],[-104.98,40.029],[-104.999,40.026],[-104.999,40.015],[-104.99,40.015],[-104.99,40.008],[-105.008,40.008],[-105.008,40.0],[-105.053,40.0],[-105.053,39.978],[-105.089,39.958],[-105.072,39.958],[-105.077,39.943],[-105.091,39.943],[-105.091,39.936],[-105.109,39.936],[-105.113,39.932],[-105.109,39.925],[-105.119,39.934],[-105.119,39.943],[-105.109,39.943],[-105.109,39.951],[-105.121,39.951],[-105.11,39.957],[-105.128,39.954],[-105.128,39.94],[-105.138,39.94],[-105.138,39.929],[-105.147,39.929],[-105.147,39.914],[-105.166,39.911],[-105.166,39.902]],[[-105.083,39.959],[-105.058,39.975],[-105.053,39.966],[-105.053,39.958],[-105.083,39.959]],[[-104.98,40.029],[-104.98,40.033],[-104.973,40.033],[-104.98,40.029]]],[[[-105.109,39.957],[-105.091,39.958],[-105.1,39.959],[-105.109,39.957]]]]}},{"type":"Feature","properties":{"fips":"56003","county":"Big Horn","state":"Wyoming","acres":{"DRY BEANS":5370.4,"PEAS":5.8},"region":"big-horn","region_overlap":0.214},"geometry":{"type":"Polygon","coordinates":[[[-108.622,44.983],[-108.62,44.871],[-108.592,44.871],[-108.592,44.521],[-108.573,44.521],[-108.574,44.168],[-107.147,44.166],[-107.145,44.324],[-107.155,44.322],[-107.157,44.332],[-107.173,44.335],[-107.179,44.346],[-107.189,44.347],[-107.185,44.359],[-107.161,44.369],[-107.177,44.377],[-107.169,44.394],[-107.178,44.402],[-107.2,44.4],[-107.202,44.446],[-107.219,44.45],[-107.222,44.444],[-107.243,44.438],[-107.279,44.451],[-107.279,44.459],[-107.3,44.459],[-107.304,44.464],[-107.3,44.476],[-107.305,44.483],[-107.298,44.485],[-107.294,44.501],[-107.327,44.522],[-107.323,44.531],[-107.33,44.544],[-107.354,44.542],[-107.371,44.557],[-107.375,44.582],[-107.385,44.589],[-107.383,44.595],[-107.419,44.601],[-107.424,44.611],[-107.443,44.606],[-107.47,44.612],[-107.488,44.627],[-107.495,44.642],[-107.512,44.633],[-107.527,44.634],[-107.535,44.648],[-107.519,44.661],[-107.549,44.667],[-107.549,44.679],[-107.616,44.701],[-107.623,44.693],[-107.651,44.692],[-107.67,44.68],[-107.684,44.693],[-107.683,44.706],[-107.743,44.715],[-107.751,44.723],[-107.744,44.729],[-107.744,44.741],[-107.749,44.746],[-107.746,44.754],[-107.754,44.758],[-107.754,44.771],[-107.78,44.773],[-107.813,44.789],[-107.832,44.79],[-107.832,44.8],[-107.818,44.809],[-107.816,44.818],[-107.833,44.825],[-107.828,44.832],[-107.832,44.845],[-107.865,44.874],[-107.861,44.894],[-107.849,44.898],[-107.85,44.906],[-107.853,44.916],[-107.882,44.933],[-107.877,44.963],[-107.882,44.985],[-107.89,44.992],[-107.912,45.001],[-108.621,45.0],[-108.622,44.983]]]}},{"type":"Feature","properties":{"fips":"31061","county":"Franklin","state":"Nebraska","acres":{"PEAS":12.7},"region":"sw-nebraska","region_overlap":0.0},"geometry":{"type":"Polygon","coordinates":[[[-98.726,40.089],[-98.727,40.35],[-99.179,40.351],[-99.179,40.002],[-98.726,40.002],[-98.726,40.089]]]}},{"type":"Feature","properties":{"fips":"08099","county":"Prowers","state":"Colorado","acres":{"DRY BEANS":44.9,"PEAS":35.4},"region":"nw-kansas","region_overlap":0.0},"geometry":{"type":"Polygon","coordinates":[[[-102.045,38.03],[-102.044,38.269],[-102.742,38.267],[-102.74,37.824],[-102.748,37.823],[-102.748,37.644],[-102.042,37.644],[-102.045,38.03]]]}},{"type":"Feature","properties":{"fips":"31153","county":"Sarpy","state":"Nebraska","acres":{"PEAS":2.2},"region":"sw-nebraska","region_overlap":0.0},"geometry":{"type":"Polygon","coordinates":[[[-96.062,41.191],[-96.327,41.19],[-96.316,41.147],[-96.32,41.132],[-96.311,41.114],[-96.335,41.098],[-96.339,41.081],[-96.319,41.045],[-96.302,41.029],[-96.248,41.018],[-96.219,40.994],[-96.145,41.018],[-96.103,41.052],[-96.056,41.065],[-96.003,41.061],[-95.987,41.053],[-95.96,41.061],[-95.895,41.059],[-95.879,41.053],[-95.881,41.065],[-95.862,41.09],[-95.867,41.121],[-95.881,41.142],[-95.883,41.155],[-95.872,41.167],[-95.844,41.168],[-95.842,41.175],[-95.847,41.183],[-95.868,41.188],[-95.913,41.185],[-95.924,41.191],[-96.062,41.191]]]}},{"type":"Feature","properties":{"fips":"08041","county":"El Paso","state":"Colorado","acres":{"DRY BEANS":7.1},"region":"ne-colorado","region_overlap":0.0},"geometry":{"type":"Polygon","coordinates":[[[-105.033,39.13],[-105.027,39.029],[-105.029,38.869],[-105.066,38.869],[-105.072,38.799],[-104.94,38.797],[-104.942,38.52],[-104.054,38.522],[-104.052,39.128],[-105.033,39.13]]]}},{"type":"Feature","properties":{"fips":"08061","county":"Kiowa","state":"Colorado","acres":{"DRY BEANS":3.3,"PEAS":20.5},"region":"nw-kansas","region_overlap":0.0},"geometry":{"type":"Polygon","coordinates":[[[-102.618,38.267],[-102.044,38.269],[-102.045,38.615],[-103.173,38.612],[-103.173,38.525],[-103.505,38.524],[-103.507,38.342],[-103.502,38.342],[-103.502,38.265],[-102.618,38.267]]]}},{"type":"Feature","properties":{"fips":"08063","county":"Kit Carson","state":"Colorado","acres":{"DRY BEANS":1397.8,"PEAS":1025.0},"region":"nw-kansas","region_overlap":0.09},"geometry":{"type":"Polygon","coordinates":[[[-102.41,39.044],[-102.047,39.047],[-102.05,39.574],[-103.154,39.566],[-103.155,39.133],[-103.155,39.128],[-103.163,39.128],[-103.163,39.038],[-102.41,39.044]]]}},{"type":"Feature","properties":{"fips":"31105","county":"Kimball","state":"Nebraska","acres":{"DRY BEANS":1873.0,"CHICKPEAS":170.8,"PEAS":745.9},"region":"ne-panhandle","region_overlap":0.283},"geometry":{"type":"Polygon","coordinates":[[[-103.535,41.001],[-103.382,41.002],[-103.382,41.048],[-103.376,41.048],[-103.378,41.395],[-104.052,41.393],[-104.053,41.001],[-103.535,41.001]]]}},{"type":"Feature","properties":{"fips":"08085","county":"Montrose","state":"Colorado","acres":{"DRY BEANS":4458.3,"LENTILS":131.7,"PEAS":6.7},"region":"western-colorado","region_overlap":0.122},"geometry":{"type":"Polygon","coordinates":[[[-108.087,38.276],[-108.086,38.284],[-108.104,38.284],[-108.105,38.314],[-108.123,38.314],[-108.124,38.321],[-108.132,38.321],[-108.132,38.332],[-107.636,38.332],[-107.631,38.326],[-107.635,38.302],[-107.5,38.302],[-107.501,38.669],[-108.379,38.668],[-108.379,38.5],[-109.06,38.5],[-109.06,38.276],[-109.043,38.153],[-107.947,38.152],[-107.948,38.174],[-107.938,38.174],[-107.938,38.219],[-107.947,38.219],[-107.947,38.226],[-107.965,38.227],[-107.965,38.234],[-107.984,38.234],[-107.984,38.248],[-108.012,38.248],[-108.012,38.255],[-108.087,38.255],[-108.087,38.276]]]}},{"type":"Feature","properties":{"fips":"08113","county":"San Miguel","state":"Colorado","acres":{"DRY BEANS":316.0,"LENTILS":2.4,"PEAS":3.3},"region":"western-colorado","region_overlap":0.015},"geometry":{"type":"Polygon","coordinates":[[[-109.043,37.982],[-109.042,37.881],[-108.821,37.881],[-108.817,37.896],[-108.256,37.895],[-108.248,37.879],[-108.238,37.876],[-108.227,37.843],[-108.212,37.832],[-108.21,37.821],[-108.147,37.839],[-108.14,37.832],[-108.125,37.852],[-108.113,37.855],[-108.091,37.84],[-108.068,37.851],[-108.058,37.841],[-108.031,37.855],[-107.989,37.857],[-107.972,37.833],[-107.951,37.836],[-107.938,37.823],[-107.921,37.824],[-107.892,37.802],[-107.886,37.785],[-107.874,37.786],[-107.861,37.776],[-107.844,37.774],[-107.822,37.796],[-107.828,37.8],[-107.829,37.812],[-107.809,37.824],[-107.796,37.823],[-107.779,37.85],[-107.783,37.868],[-107.761,37.878],[-107.733,37.92],[-107.733,37.93],[-107.749,37.953],[-107.78,37.962],[-107.795,37.989],[-107.849,37.992],[-107.842,38.006],[-107.89,38.012],[-107.891,38.025],[-107.9,38.026],[-107.888,38.045],[-107.897,38.087],[-107.892,38.087],[-107.891,38.116],[-107.952,38.116],[-107.952,38.145],[-107.965,38.145],[-107.966,38.152],[-109.043,38.153],[-109.043,37.982]]]}},{"type":"Feature","properties":{"fips":"08011","county":"Bent","state":"Colorado","acres":{"DRY BEANS":19.6},"region":"nw-kansas","region_overlap":0.0},"geometry":{"type":"Polygon","coordinates":[[[-102.742,38.097],[-102.742,38.267],[-103.4,38.265],[-103.404,37.644],[-102.748,37.644],[-102.748,37.823],[-102.74,37.824],[-102.742,38.097]]]}},{"type":"Feature","properties":{"fips":"31119","county":"Madison","state":"Nebraska","acres":{"DRY BEANS":2.4,"PEAS":375.4},"region":"sw-nebraska","region_overlap":0.0},"geometry":{"type":"Polygon","coordinates":[[[-97.368,41.917],[-97.368,42.091],[-97.835,42.09],[-97.832,41.742],[-97.368,41.743],[-97.368,41.917]]]}},{"type":"Feature","properties":{"fips":"56021","county":"Laramie","state":"Wyoming","acres":{"DRY BEANS":1254.5,"CHICKPEAS":1731.8,"PEAS":622.3},"region":"se-wyoming","region_overlap":0.176},"geometry":{"type":"Polygon","coordinates":[[[-104.371,41.001],[-104.053,41.001],[-104.053,41.564],[-104.653,41.565],[-104.653,41.653],[-105.278,41.657],[-105.277,40.998],[-104.371,41.001]]]}},{"type":"Feature","properties":{"fips":"31143","county":"Polk","state":"Nebraska","acres":{"PEAS":18.9},"region":"sw-nebraska","region_overlap":0.0},"geometry":{"type":"Polygon","coordinates":[[[-97.579,41.047],[-97.368,41.047],[-97.368,41.396],[-97.45,41.369],[-97.522,41.362],[-97.571,41.337],[-97.598,41.333],[-97.598,41.317],[-97.604,41.314],[-97.659,41.305],[-97.664,41.295],[-97.668,41.298],[-97.679,41.293],[-97.766,41.235],[-97.805,41.197],[-97.801,41.193],[-97.828,41.175],[-97.828,41.047],[-97.579,41.047]]]}},{"type":"Feature","properties":{"fips":"20183","county":"Smith","state":"Kansas","acres":{"PEAS":30.7},"region":"sw-nebraska","region_overlap":0.0},"geometry":{"type":"Polygon","coordinates":[[[-99.067,39.924],[-99.066,39.568],[-98.505,39.568],[-98.504,40.002],[-99.067,40.002],[-99.067,39.924]]]}},{"type":"Feature","properties":{"fips":"08123","county":"Weld","state":"Colorado","acres":{"DRY BEANS":2299.1,"CHICKPEAS":90.3,"PEAS":406.3},"region":"ne-colorado","region_overlap":0.0},"geometry":{"type":"MultiPolygon","coordinates":[[[[-104.754,40.0],[-104.15,40.001],[-104.148,40.524],[-103.582,40.523],[-103.58,40.702],[-103.574,40.702],[-103.574,41.002],[-104.943,40.998],[-104.946,40.349],[-105.057,40.349],[-105.056,40.0],[-105.008,40.0],[-105.008,40.008],[-104.99,40.008],[-104.99,40.015],[-104.999,40.015],[-104.999,40.026],[-104.98,40.029],[-104.979,40.044],[-104.961,40.044],[-104.961,40.0],[-104.754,40.0]]],[[[-104.98,40.033],[-104.973,40.03],[-104.973,40.033],[-104.98,40.033]]]]}},{"type":"Feature","properties":{"fips":"31019","county":"Buffalo","state":"Nebraska","acres":{"PEAS":11.1},"region":"sw-nebraska","region_overlap":0.0},"geometry":{"type":"Polygon","coordinates":[[[-99.426,41.046],[-99.427,40.7],[-99.416,40.7],[-99.413,40.668],[-99.376,40.664],[-99.332,40.671],[-99.242,40.659],[-98.909,40.653],[-98.865,40.66],[-98.826,40.675],[-98.724,40.69],[-98.722,41.047],[-99.426,41.046]]]}},{"type":"Feature","properties":{"fips":"31185","county":"York","state":"Nebraska","acres":{"PEAS":0.4},"region":"sw-nebraska","region_overlap":0.0},"geometry":{"type":"Polygon","coordinates":[[[-97.368,40.786],[-97.368,41.047],[-97.826,41.047],[-97.826,40.699],[-97.368,40.699],[-97.368,40.786]]]}},{"type":"Feature","properties":{"fips":"20007","county":"Barber","state":"Kansas","acres":{"PEAS":2.7},"region":"nw-kansas","region_overlap":0.0},"geometry":{"type":"Polygon","coordinates":[[[-99.013,37.47],[-99.011,37.384],[-99.001,37.384],[-99.0,36.999],[-98.347,36.998],[-98.349,37.384],[-98.465,37.384],[-98.465,37.471],[-99.013,37.47]]]}},{"type":"Feature","properties":{"fips":"20155","county":"Reno","state":"Kansas","acres":{"PEAS":274.9},"region":"nw-kansas","region_overlap":0.0},"geometry":{"type":"Polygon","coordinates":[[[-97.808,37.734],[-97.699,37.735],[-97.702,38.174],[-98.142,38.174],[-98.142,38.16],[-98.216,38.159],[-98.216,38.173],[-98.473,38.173],[-98.472,37.825],[-98.465,37.825],[-98.465,37.733],[-97.808,37.734]]]}},{"type":"Feature","properties":{"fips":"56035","county":"Sublette","state":"Wyoming","acres":{"DRY BEANS":4.2},"region":"big-horn","region_overlap":0.0},"geometry":{"type":"Polygon","coordinates":[[[-110.589,43.04],[-110.588,42.779],[-110.623,42.779],[-110.623,42.71],[-110.59,42.71],[-110.59,42.448],[-110.543,42.449],[-110.542,42.277],[-110.425,42.28],[-110.207,42.277],[-110.207,42.271],[-109.497,42.263],[-109.044,42.264],[-109.044,42.434],[-109.069,42.433],[-109.073,42.694],[-109.134,42.694],[-109.138,42.705],[-109.128,42.708],[-109.148,42.728],[-109.132,42.737],[-109.179,42.751],[-109.195,42.769],[-109.21,42.77],[-109.217,42.76],[-109.237,42.769],[-109.237,42.777],[-109.226,42.791],[-109.21,42.793],[-109.214,42.799],[-109.237,42.81],[-109.248,42.806],[-109.269,42.825],[-109.279,42.846],[-109.292,42.846],[-109.319,42.859],[-109.345,42.919],[-109.356,42.925],[-109.37,42.946],[-109.398,42.939],[-109.405,42.951],[-109.429,42.961],[-109.432,42.968],[-109.454,42.97],[-109.467,42.992],[-109.492,42.996],[-109.502,43.011],[-109.553,43.013],[-109.556,43.028],[-109.549,43.037],[-109.561,43.04],[-109.56,43.048],[-109.571,43.049],[-109.553,43.059],[-109.553,43.072],[-109.562,43.078],[-109.57,43.1],[-109.581,43.101],[-109.596,43.118],[-109.622,43.127],[-109.631,43.149],[-109.63,43.163],[-109.651,43.167],[-109.659,43.202],[-109.676,43.215],[-109.67,43.229],[-109.678,43.236],[-109.674,43.248],[-109.693,43.265],[-109.679,43.273],[-109.686,43.286],[-109.674,43.297],[-109.672,43.309],[-109.7,43.335],[-109.694,43.365],[-109.711,43.374],[-109.734,43.366],[-109.754,43.366],[-109.755,43.463],[-110.058,43.465],[-110.057,43.378],[-110.344,43.378],[-110.344,43.291],[-110.578,43.292],[-110.579,43.126],[-110.588,43.126],[-110.589,43.04]]]}},{"type":"Feature","properties":{"fips":"20009","county":"Barton","state":"Kansas","acres":{"PEAS":37.4},"region":"nw-kansas","region_overlap":0.0},"geometry":{"type":"Polygon","coordinates":[[[-98.48,38.305],[-98.48,38.697],[-99.033,38.697],[-99.032,38.261],[-98.48,38.261],[-98.48,38.305]]]}},{"type":"Feature","properties":{"fips":"31071","county":"Garfield","state":"Nebraska","acres":{"DRY BEANS":3.1,"PEAS":11.3},"region":"sw-nebraska","region_overlap":0.0},"geometry":{"type":"Polygon","coordinates":[[[-99.048,41.74],[-98.759,41.74],[-98.761,42.089],[-99.223,42.088],[-99.222,41.741],[-99.048,41.74]]]}},{"type":"Feature","properties":{"fips":"56023","county":"Lincoln","state":"Wyoming","acres":{"DRY BEANS":11.8,"PEAS":5.1},"region":"big-horn","region_overlap":0.0},"geometry":{"type":"Polygon","coordinates":[[[-111.047,42.469],[-111.046,41.58],[-110.048,41.578],[-110.046,42.007],[-110.054,42.007],[-110.054,42.271],[-110.425,42.28],[-110.542,42.277],[-110.543,42.449],[-110.59,42.448],[-110.59,42.71],[-110.623,42.71],[-110.623,42.779],[-110.588,42.779],[-110.588,43.126],[-110.579,43.126],[-110.579,43.235],[-110.814,43.235],[-110.814,43.314],[-111.045,43.316],[-111.047,42.469]]]}},{"type":"Feature","properties":{"fips":"31001","county":"Adams","state":"Nebraska","acres":{"PEAS":159.5},"region":"sw-nebraska","region_overlap":0.0},"geometry":{"type":"Polygon","coordinates":[[[-98.278,40.611],[-98.278,40.698],[-98.724,40.699],[-98.724,40.35],[-98.278,40.35],[-98.278,40.611]]]}},{"type":"Feature","properties":{"fips":"20177","county":"Shawnee","state":"Kansas","acres":{"DRY BEANS":0.2},"region":"nw-kansas","region_overlap":0.0},"geometry":{"type":"Polygon","coordinates":[[[-95.5,38.986],[-95.5,39.057],[-95.508,39.065],[-95.547,39.069],[-95.582,39.054],[-95.598,39.068],[-95.595,39.129],[-95.589,39.129],[-95.589,39.216],[-96.036,39.217],[-96.039,39.127],[-96.017,39.12],[-95.994,39.134],[-95.992,39.126],[-96.009,39.116],[-95.995,39.109],[-95.973,39.112],[-95.958,39.1],[-95.947,39.099],[-95.947,38.87],[-95.501,38.87],[-95.5,38.986]]]}},{"type":"Feature","properties":{"fips":"08073","county":"Lincoln","state":"Colorado","acres":{"DRY BEANS":14.5,"PEAS":849.1},"region":"ne-colorado","region_overlap":0.0},"geometry":{"type":"Polygon","coordinates":[[[-103.715,39.302],[-103.715,39.128],[-103.721,39.128],[-103.722,39.084],[-103.72,38.867],[-104.056,38.869],[-104.054,38.522],[-103.613,38.523],[-103.613,38.518],[-103.505,38.516],[-103.501,38.524],[-103.173,38.525],[-103.172,38.69],[-103.164,38.69],[-103.163,39.126],[-103.155,39.133],[-103.154,39.566],[-103.714,39.566],[-103.715,39.302]]]}},{"type":"Feature","properties":{"fips":"31101","county":"Keith","state":"Nebraska","acres":{"DRY BEANS":940.1,"CHICKPEAS":139.7,"PEAS":97.4},"region":"sw-nebraska","region_overlap":0.159},"geometry":{"type":"Polygon","coordinates":[[[-102.055,41.3],[-102.052,41.004],[-101.25,41.004],[-101.25,41.047],[-101.27,41.047],[-101.27,41.395],[-102.055,41.395],[-102.055,41.3]]]}},{"type":"Feature","properties":{"fips":"31137","county":"Phelps","state":"Nebraska","acres":{"PEAS":182.4},"region":"sw-nebraska","region_overlap":0.0},"geometry":{"type":"Polygon","coordinates":[[[-99.179,40.525],[-99.18,40.661],[-99.242,40.659],[-99.332,40.671],[-99.376,40.664],[-99.446,40.678],[-99.529,40.675],[-99.543,40.681],[-99.582,40.677],[-99.643,40.685],[-99.642,40.351],[-99.179,40.351],[-99.179,40.525]]]}},{"type":"Feature","properties":{"fips":"31157","county":"Scotts Bluff","state":"Nebraska","acres":{"DRY BEANS":28870.8,"CHICKPEAS":103.2,"PEAS":132.8},"region":"ne-panhandle","region_overlap":0.834},"geometry":{"type":"Polygon","coordinates":[[[-103.599,41.699],[-103.37,41.699],[-103.37,41.743],[-103.363,41.744],[-103.363,42.003],[-104.053,42.002],[-104.053,41.698],[-103.599,41.699]]]}},{"type":"Feature","properties":{"fips":"56027","county":"Niobrara","state":"Wyoming","acres":{"DRY BEANS":173.7},"region":"se-wyoming","region_overlap":0.0},"geometry":{"type":"Polygon","coordinates":[[[-104.431,42.61],[-104.053,42.612],[-104.055,43.503],[-104.9,43.5],[-104.899,42.805],[-104.898,42.783],[-104.893,42.783],[-104.892,42.609],[-104.431,42.61]]]}},{"type":"Feature","properties":{"fips":"08017","county":"Cheyenne","state":"Colorado","acres":{"DRY BEANS":473.3,"PEAS":1169.1},"region":"nw-kansas","region_overlap":0.136},"geometry":{"type":"Polygon","coordinates":[[[-102.547,38.613],[-102.045,38.615],[-102.047,39.047],[-103.163,39.038],[-103.164,38.69],[-103.172,38.69],[-103.173,38.612],[-102.547,38.613]]]}},{"type":"Feature","properties":{"fips":"31169","county":"Thayer","state":"Nebraska","acres":{"PEAS":0.2},"region":"sw-nebraska","region_overlap":0.0},"geometry":{"type":"Polygon","coordinates":[[[-97.369,40.089],[-97.369,40.35],[-97.821,40.351],[-97.821,40.002],[-97.369,40.002],[-97.369,40.089]]]}},{"type":"Feature","properties":{"fips":"08039","county":"Elbert","state":"Colorado","acres":{"PEAS":7.1},"region":"ne-colorado","region_overlap":0.0},"geometry":{"type":"Polygon","coordinates":[[[-103.715,39.263],[-103.714,39.566],[-104.661,39.566],[-104.663,39.13],[-104.052,39.128],[-104.056,38.869],[-103.72,38.867],[-103.722,39.084],[-103.721,39.128],[-103.715,39.128],[-103.715,39.263]]]}},{"type":"Feature","properties":{"fips":"20167","county":"Russell","state":"Kansas","acres":{"PEAS":19.3},"region":"nw-kansas","region_overlap":0.0},"geometry":{"type":"Polygon","coordinates":[[[-98.597,38.697],[-98.486,38.697],[-98.484,39.133],[-99.037,39.133],[-99.043,38.697],[-98.597,38.697]]]}},{"type":"Feature","properties":{"fips":"20043","county":"Doniphan","state":"Kansas","acres":{"DRY BEANS":2.2},"region":"nw-kansas","region_overlap":0.0},"geometry":{"type":"Polygon","coordinates":[[[-95.022,39.671],[-94.982,39.679],[-94.971,39.686],[-94.971,39.731],[-94.956,39.745],[-94.901,39.724],[-94.876,39.73],[-94.862,39.744],[-94.861,39.763],[-94.87,39.773],[-94.911,39.759],[-94.935,39.773],[-94.935,39.784],[-94.928,39.789],[-94.885,39.794],[-94.876,39.813],[-94.885,39.832],[-94.917,39.836],[-94.941,39.853],[-94.942,39.863],[-94.928,39.878],[-94.93,39.89],[-94.955,39.901],[-94.987,39.896],[-95.013,39.9],[-95.024,39.891],[-95.027,39.872],[-95.035,39.866],[-95.09,39.863],[-95.137,39.878],[-95.15,39.906],[-95.181,39.9],[-95.202,39.904],[-95.205,39.94],[-95.25,39.949],[-95.27,39.969],[-95.302,39.985],[-95.308,40.0],[-95.34,40.0],[-95.34,39.653],[-95.115,39.653],[-95.115,39.641],[-95.099,39.635],[-95.098,39.621],[-95.087,39.621],[-95.085,39.615],[-95.054,39.615],[-95.05,39.638],[-95.022,39.671]]]}},{"type":"Feature","properties":{"fips":"31075","county":"Grant","state":"Nebraska","acres":{"DRY BEANS":2.4,"PEAS":15.1},"region":"ne-panhandle","region_overlap":0.0},"geometry":{"type":"Polygon","coordinates":[[[-101.64,41.742],[-101.426,41.743],[-101.427,42.092],[-102.006,42.096],[-102.009,42.009],[-102.067,42.009],[-102.068,41.742],[-101.64,41.742]]]}},{"type":"Feature","properties":{"fips":"20117","county":"Marshall","state":"Kansas","acres":{"DRY BEANS":0.7,"PEAS":0.2},"region":"sw-nebraska","region_overlap":0.0},"geometry":{"type":"Polygon","coordinates":[[[-96.582,40.001],[-96.806,40.001],[-96.807,39.566],[-96.239,39.566],[-96.239,40.001],[-96.582,40.001]]]}},{"type":"Feature","properties":{"fips":"31159","county":"Seward","state":"Nebraska","acres":{"PEAS":7.3},"region":"sw-nebraska","region_overlap":0.0},"geometry":{"type":"Polygon","coordinates":[[[-96.911,40.785],[-96.911,41.046],[-97.368,41.047],[-97.368,40.699],[-96.911,40.698],[-96.911,40.785]]]}},{"type":"Feature","properties":{"fips":"31113","county":"Logan","state":"Nebraska","acres":{"DRY BEANS":10.9,"PEAS":25.6},"region":"sw-nebraska","region_overlap":0.0},"geometry":{"type":"Polygon","coordinates":[[[-100.714,41.469],[-100.713,41.394],[-100.251,41.393],[-100.251,41.74],[-100.711,41.74],[-100.714,41.469]]]}},{"type":"Feature","properties":{"fips":"31121","county":"Merrick","state":"Nebraska","acres":{"PEAS":16.5},"region":"sw-nebraska","region_overlap":0.0},"geometry":{"type":"Polygon","coordinates":[[[-97.748,41.248],[-97.679,41.293],[-97.668,41.298],[-97.664,41.295],[-97.659,41.305],[-97.598,41.317],[-97.598,41.395],[-97.704,41.395],[-97.705,41.309],[-97.898,41.308],[-97.898,41.294],[-98.053,41.293],[-98.053,41.279],[-98.102,41.279],[-98.102,41.264],[-98.275,41.264],[-98.274,41.394],[-98.287,41.394],[-98.283,40.869],[-98.215,40.931],[-98.17,40.955],[-98.146,40.984],[-98.089,41.01],[-98.03,41.05],[-98.011,41.073],[-97.97,41.091],[-97.967,41.086],[-97.886,41.115],[-97.748,41.248]]]}},{"type":"Feature","properties":{"fips":"31161","county":"Sheridan","state":"Nebraska","acres":{"DRY BEANS":7065.5,"CHICKPEAS":168.6,"PEAS":2197.7},"region":"ne-panhandle","region_overlap":0.523},"geometry":{"type":"Polygon","coordinates":[[[-102.067,42.626],[-102.067,42.785],[-102.085,42.786],[-102.083,42.999],[-102.792,43.0],[-102.793,42.785],[-102.773,42.785],[-102.773,42.44],[-102.749,42.44],[-102.742,42.092],[-102.702,42.093],[-102.698,42.005],[-102.009,42.009],[-102.006,42.096],[-102.04,42.097],[-102.038,42.443],[-102.067,42.443],[-102.067,42.626]]]}},{"type":"Feature","properties":{"fips":"31077","county":"Greeley","state":"Nebraska","acres":{"DRY BEANS":0.2,"PEAS":4.2},"region":"sw-nebraska","region_overlap":0.0},"geometry":{"type":"Polygon","coordinates":[[[-98.752,41.74],[-98.752,41.394],[-98.291,41.394],[-98.291,41.741],[-98.752,41.74]]]}},{"type":"Feature","properties":{"fips":"31151","county":"Saline","state":"Nebraska","acres":{"PEAS":78.3},"region":"sw-nebraska","region_overlap":0.0},"geometry":{"type":"Polygon","coordinates":[[[-96.914,40.611],[-96.913,40.698],[-97.368,40.699],[-97.369,40.35],[-96.913,40.35],[-96.914,40.611]]]}},{"type":"Feature","properties":{"fips":"31037","county":"Colfax","state":"Nebraska","acres":{"PEAS":2.4},"region":"sw-nebraska","region_overlap":0.0},"geometry":{"type":"Polygon","coordinates":[[[-97.021,41.413],[-96.999,41.42],[-96.965,41.442],[-96.906,41.456],[-96.906,41.743],[-97.252,41.743],[-97.254,41.384],[-97.199,41.386],[-97.176,41.377],[-97.106,41.388],[-97.057,41.413],[-97.021,41.413]]]}},{"type":"Feature","properties":{"fips":"20199","county":"Wallace","state":"Kansas","acres":{"DRY BEANS":695.7,"PEAS":9.3},"region":"nw-kansas","region_overlap":0.474},"geometry":{"type":"Polygon","coordinates":[[[-101.651,38.699],[-101.484,38.7],[-101.478,39.135],[-102.047,39.133],[-102.045,38.698],[-101.651,38.699]]]}},{"type":"Feature","properties":{"fips":"31155","county":"Saunders","state":"Nebraska","acres":{"PEAS":600.7},"region":"sw-nebraska","region_overlap":0.0},"geometry":{"type":"Polygon","coordinates":[[[-96.484,41.393],[-96.504,41.397],[-96.51,41.405],[-96.569,41.433],[-96.64,41.436],[-96.695,41.426],[-96.747,41.45],[-96.774,41.45],[-96.815,41.44],[-96.906,41.453],[-96.909,41.046],[-96.464,41.045],[-96.464,41.016],[-96.349,41.015],[-96.349,41.045],[-96.319,41.045],[-96.339,41.09],[-96.311,41.115],[-96.32,41.132],[-96.316,41.147],[-96.324,41.185],[-96.354,41.207],[-96.366,41.234],[-96.351,41.265],[-96.376,41.297],[-96.408,41.315],[-96.407,41.337],[-96.421,41.364],[-96.458,41.379],[-96.471,41.393],[-96.484,41.393]]]}},{"type":"Feature","properties":{"fips":"20161","county":"Riley","state":"Kansas","acres":{"DRY BEANS":6.2,"PEAS":16.2},"region":"nw-kansas","region_overlap":0.0},"geometry":{"type":"Polygon","coordinates":[[[-96.554,39.179],[-96.561,39.198],[-96.531,39.196],[-96.52,39.198],[-96.519,39.206],[-96.539,39.215],[-96.547,39.209],[-96.562,39.241],[-96.581,39.234],[-96.587,39.239],[-96.587,39.244],[-96.572,39.245],[-96.572,39.251],[-96.579,39.256],[-96.577,39.249],[-96.591,39.25],[-96.596,39.263],[-96.61,39.267],[-96.635,39.287],[-96.639,39.293],[-96.634,39.299],[-96.657,39.317],[-96.646,39.326],[-96.668,39.33],[-96.672,39.336],[-96.661,39.344],[-96.67,39.344],[-96.691,39.36],[-96.684,39.372],[-96.696,39.373],[-96.726,39.404],[-96.715,39.41],[-96.715,39.42],[-96.728,39.427],[-96.713,39.436],[-96.722,39.444],[-96.711,39.458],[-96.688,39.461],[-96.681,39.483],[-96.676,39.473],[-96.668,39.475],[-96.657,39.5],[-96.64,39.509],[-96.643,39.522],[-96.621,39.538],[-96.615,39.532],[-96.589,39.546],[-96.591,39.553],[-96.58,39.566],[-96.959,39.566],[-96.962,39.22],[-96.85,39.219],[-96.85,39.139],[-96.831,39.135],[-96.832,39.12],[-96.851,39.101],[-96.851,39.088],[-96.743,39.088],[-96.736,39.08],[-96.723,39.091],[-96.706,39.092],[-96.706,39.073],[-96.501,39.073],[-96.501,39.044],[-96.391,39.043],[-96.39,39.174],[-96.412,39.185],[-96.452,39.191],[-96.461,39.188],[-96.46,39.168],[-96.474,39.164],[-96.485,39.179],[-96.495,39.168],[-96.517,39.171],[-96.517,39.188],[-96.554,39.179]]]}},{"type":"Feature","properties":{"fips":"31167","county":"Stanton","state":"Nebraska","acres":{"PEAS":1.8},"region":"sw-nebraska","region_overlap":0.0},"geometry":{"type":"Polygon","coordinates":[[[-97.02,41.917],[-97.019,42.091],[-97.368,42.091],[-97.368,41.743],[-97.02,41.743],[-97.02,41.917]]]}},{"type":"Feature","properties":{"fips":"20023","county":"Cheyenne","state":"Kansas","acres":{"DRY BEANS":178.6,"PEAS":315.6},"region":"sw-nebraska","region_overlap":0.069},"geometry":{"type":"Polygon","coordinates":[[[-101.639,39.568],[-101.414,39.568],[-101.411,40.003],[-102.052,40.003],[-102.05,39.568],[-101.639,39.568]]]}},{"type":"Feature","properties":{"fips":"08029","county":"Delta","state":"Colorado","acres":{"DRY BEANS":1485.4,"LENTILS":70.3,"PEAS":67.2},"region":"western-colorado","region_overlap":0.158},"geometry":{"type":"Polygon","coordinates":[[[-107.776,39.048],[-107.802,39.065],[-107.859,39.08],[-107.907,39.061],[-107.982,39.06],[-108.031,39.028],[-108.038,39.016],[-108.054,39.014],[-108.095,38.98],[-108.087,38.963],[-108.122,38.926],[-108.14,38.925],[-108.145,38.917],[-108.141,38.906],[-108.379,38.829],[-108.379,38.668],[-107.501,38.669],[-107.501,39.218],[-107.529,39.203],[-107.523,39.198],[-107.542,39.196],[-107.543,39.182],[-107.568,39.181],[-107.639,39.142],[-107.662,39.118],[-107.66,39.112],[-107.681,39.1],[-107.688,39.088],[-107.713,39.081],[-107.722,39.065],[-107.738,39.066],[-107.765,39.043],[-107.776,39.048]]]}},{"type":"Feature","properties":{"fips":"31111","county":"Lincoln","state":"Nebraska","acres":{"DRY BEANS":181.3,"PEAS":211.3},"region":"sw-nebraska","region_overlap":0.016},"geometry":{"type":"Polygon","coordinates":[[[-100.906,40.7],[-100.223,40.7],[-100.224,41.047],[-100.238,41.047],[-100.236,41.393],[-101.27,41.395],[-101.27,41.047],[-101.25,41.047],[-101.248,40.698],[-100.906,40.7]]]}},{"type":"Feature","properties":{"fips":"31179","county":"Wayne","state":"Nebraska","acres":{"PEAS":13.8},"region":"sw-nebraska","region_overlap":0.0},"geometry":{"type":"Polygon","coordinates":[[[-97.368,42.267],[-97.368,42.091],[-96.824,42.09],[-96.822,42.264],[-97.018,42.264],[-97.018,42.351],[-97.368,42.352],[-97.368,42.267]]]}},{"type":"Feature","properties":{"fips":"31127","county":"Nemaha","state":"Nebraska","acres":{"PEAS":0.4},"region":"sw-nebraska","region_overlap":0.0},"geometry":{"type":"Polygon","coordinates":[[[-95.639,40.364],[-95.644,40.387],[-95.661,40.412],[-95.658,40.441],[-95.696,40.476],[-95.7,40.505],[-95.656,40.524],[-95.653,40.542],[-95.672,40.563],[-95.694,40.557],[-95.695,40.532],[-95.709,40.522],[-96.067,40.523],[-96.067,40.262],[-95.552,40.262],[-95.556,40.271],[-95.551,40.286],[-95.559,40.296],[-95.582,40.3],[-95.61,40.314],[-95.645,40.306],[-95.657,40.311],[-95.654,40.323],[-95.623,40.338],[-95.625,40.349],[-95.639,40.364]]]}},{"type":"Feature","properties":{"fips":"20143","county":"Ottawa","state":"Kansas","acres":{"PEAS":46.9},"region":"nw-kansas","region_overlap":0.0},"geometry":{"type":"Polygon","coordinates":[[[-97.371,39.219],[-97.37,39.306],[-97.929,39.306],[-97.929,38.958],[-97.372,38.958],[-97.371,39.219]]]}},{"type":"Feature","properties":{"fips":"20149","county":"Pottawatomie","state":"Kansas","acres":{"DRY BEANS":2.2,"PEAS":1.8},"region":"nw-kansas","region_overlap":0.0},"geometry":{"type":"Polygon","coordinates":[[[-96.464,39.566],[-96.58,39.566],[-96.591,39.553],[-96.589,39.546],[-96.615,39.532],[-96.621,39.538],[-96.643,39.522],[-96.64,39.509],[-96.657,39.5],[-96.668,39.475],[-96.676,39.473],[-96.681,39.483],[-96.688,39.461],[-96.709,39.46],[-96.722,39.444],[-96.713,39.436],[-96.728,39.427],[-96.715,39.42],[-96.716,39.409],[-96.726,39.404],[-96.72,39.395],[-96.695,39.373],[-96.684,39.372],[-96.691,39.361],[-96.687,39.357],[-96.67,39.344],[-96.661,39.344],[-96.671,39.337],[-96.669,39.331],[-96.646,39.326],[-96.657,39.317],[-96.634,39.299],[-96.639,39.293],[-96.635,39.287],[-96.61,39.267],[-96.596,39.263],[-96.591,39.25],[-96.577,39.249],[-96.579,39.256],[-96.572,39.252],[-96.572,39.245],[-96.587,39.244],[-96.587,39.239],[-96.581,39.234],[-96.562,39.241],[-96.547,39.209],[-96.539,39.215],[-96.519,39.206],[-96.52,39.198],[-96.531,39.196],[-96.561,39.198],[-96.557,39.181],[-96.517,39.188],[-96.517,39.171],[-96.495,39.168],[-96.485,39.179],[-96.474,39.164],[-96.46,39.168],[-96.461,39.189],[-96.446,39.191],[-96.403,39.182],[-96.378,39.164],[-96.358,39.173],[-96.359,39.158],[-96.347,39.154],[-96.337,39.162],[-96.329,39.16],[-96.325,39.186],[-96.311,39.196],[-96.294,39.195],[-96.269,39.179],[-96.235,39.212],[-96.217,39.2],[-96.182,39.206],[-96.177,39.189],[-96.153,39.193],[-96.123,39.187],[-96.107,39.201],[-96.096,39.192],[-96.084,39.194],[-96.057,39.161],[-96.061,39.157],[-96.084,39.163],[-96.091,39.154],[-96.043,39.141],[-96.039,39.127],[-96.036,39.566],[-96.464,39.566]]]}},{"type":"Feature","properties":{"fips":"31011","county":"Boone","state":"Nebraska","acres":{"DRY BEANS":0.2},"region":"sw-nebraska","region_overlap":0.0},"geometry":{"type":"Polygon","coordinates":[[[-98.003,41.511],[-97.887,41.511],[-97.885,41.526],[-97.83,41.526],[-97.833,41.916],[-98.296,41.915],[-98.291,41.481],[-98.1,41.481],[-98.1,41.495],[-98.041,41.496],[-98.041,41.511],[-98.003,41.511]]]}},{"type":"Feature","properties":{"fips":"31149","county":"Rock","state":"Nebraska","acres":{"DRY BEANS":41.1,"PEAS":139.7},"region":"sw-nebraska","region_overlap":0.0},"geometry":{"type":"Polygon","coordinates":[[[-99.468,42.087],[-99.235,42.088],[-99.234,42.435],[-99.245,42.435],[-99.246,42.782],[-99.257,42.783],[-99.257,42.804],[-99.275,42.795],[-99.3,42.796],[-99.338,42.78],[-99.378,42.782],[-99.396,42.772],[-99.415,42.772],[-99.437,42.754],[-99.462,42.752],[-99.476,42.735],[-99.537,42.718],[-99.571,42.724],[-99.621,42.723],[-99.66,42.735],[-99.678,42.731],[-99.676,42.434],[-99.664,42.435],[-99.662,42.086],[-99.468,42.087]]]}},{"type":"Feature","properties":{"fips":"08091","county":"Ouray","state":"Colorado","acres":{"LENTILS":3.8,"PEAS":1.1},"region":"western-colorado","region_overlap":0.0},"geometry":{"type":"Polygon","coordinates":[[[-108.132,38.332],[-108.132,38.321],[-108.124,38.321],[-108.123,38.314],[-108.105,38.314],[-108.104,38.284],[-108.086,38.284],[-108.087,38.255],[-108.012,38.255],[-108.012,38.248],[-107.984,38.248],[-107.984,38.234],[-107.965,38.234],[-107.965,38.227],[-107.947,38.226],[-107.947,38.219],[-107.938,38.219],[-107.938,38.174],[-107.948,38.174],[-107.947,38.152],[-107.966,38.152],[-107.965,38.145],[-107.952,38.145],[-107.952,38.116],[-107.891,38.116],[-107.892,38.087],[-107.897,38.087],[-107.888,38.045],[-107.9,38.026],[-107.891,38.025],[-107.891,38.014],[-107.883,38.007],[-107.842,38.006],[-107.849,37.992],[-107.795,37.989],[-107.78,37.962],[-107.749,37.953],[-107.733,37.93],[-107.738,37.905],[-107.724,37.899],[-107.696,37.892],[-107.689,37.902],[-107.651,37.91],[-107.637,37.924],[-107.643,37.933],[-107.642,37.965],[-107.569,37.965],[-107.587,37.968],[-107.584,37.977],[-107.591,37.992],[-107.574,38.006],[-107.547,38.0],[-107.538,38.009],[-107.538,38.032],[-107.522,38.042],[-107.522,38.057],[-107.511,38.061],[-107.533,38.08],[-107.554,38.08],[-107.565,38.098],[-107.563,38.124],[-107.574,38.136],[-107.562,38.159],[-107.576,38.21],[-107.581,38.213],[-107.58,38.231],[-107.591,38.252],[-107.612,38.261],[-107.629,38.288],[-107.636,38.332],[-108.132,38.332]]]}},{"type":"Feature","properties":{"fips":"08045","county":"Garfield","state":"Colorado","acres":{"DRY BEANS":9.6},"region":"western-colorado","region_overlap":0.0},"geometry":{"type":"Polygon","coordinates":[[[-107.884,39.366],[-107.113,39.366],[-107.114,39.919],[-107.034,39.919],[-107.037,40.092],[-107.317,40.091],[-107.319,39.915],[-107.432,39.918],[-107.432,39.828],[-107.939,39.825],[-107.939,39.694],[-108.555,39.694],[-108.555,39.65],[-108.896,39.65],[-108.896,39.66],[-109.051,39.66],[-109.051,39.367],[-107.884,39.366]]]}},{"type":"Feature","properties":{"fips":"08075","county":"Logan","state":"Colorado","acres":{"DRY BEANS":215.5,"CHICKPEAS":528.9,"PEAS":740.8},"region":"ne-colorado","region_overlap":0.023},"geometry":{"type":"Polygon","coordinates":[[[-103.227,40.436],[-102.665,40.438],[-102.665,40.705],[-102.651,40.705],[-102.653,41.002],[-103.574,41.002],[-103.574,40.702],[-103.58,40.702],[-103.582,40.523],[-103.467,40.523],[-103.465,40.436],[-103.227,40.436]]]}},{"type":"Feature","properties":{"fips":"08077","county":"Mesa","state":"Colorado","acres":{"DRY BEANS":63.4,"PEAS":28.5},"region":"western-colorado","region_overlap":0.0},"geometry":{"type":"Polygon","coordinates":[[[-108.378,38.829],[-108.141,38.906],[-108.145,38.917],[-108.14,38.925],[-108.122,38.926],[-108.087,38.963],[-108.095,38.98],[-108.054,39.014],[-108.038,39.016],[-108.031,39.028],[-107.982,39.06],[-107.907,39.061],[-107.859,39.08],[-107.794,39.062],[-107.765,39.043],[-107.738,39.066],[-107.722,39.065],[-107.709,39.083],[-107.688,39.088],[-107.681,39.1],[-107.66,39.112],[-107.663,39.116],[-107.651,39.131],[-107.619,39.155],[-107.568,39.181],[-107.543,39.182],[-107.543,39.196],[-107.523,39.198],[-107.529,39.203],[-107.511,39.216],[-107.495,39.218],[-107.484,39.235],[-107.475,39.229],[-107.451,39.231],[-107.429,39.241],[-107.43,39.257],[-107.399,39.253],[-107.378,39.275],[-107.394,39.279],[-107.398,39.295],[-107.413,39.292],[-107.437,39.3],[-107.439,39.309],[-107.452,39.305],[-107.465,39.314],[-107.463,39.327],[-107.451,39.33],[-107.431,39.348],[-107.431,39.366],[-109.051,39.367],[-109.06,38.5],[-108.379,38.5],[-108.378,38.829]]]}},{"type":"Feature","properties":{"fips":"20027","county":"Clay","state":"Kansas","acres":{"DRY BEANS":0.4,"PEAS":137.7},"region":"nw-kansas","region_overlap":0.0},"geometry":{"type":"Polygon","coordinates":[[[-97.148,39.133],[-96.961,39.132],[-96.959,39.566],[-97.369,39.567],[-97.371,39.132],[-97.148,39.133]]]}},{"type":"Feature","properties":{"fips":"20085","county":"Jackson","state":"Kansas","acres":{"DRY BEANS":6.4},"region":"nw-kansas","region_overlap":0.0},"geometry":{"type":"Polygon","coordinates":[[[-95.589,39.318],[-95.589,39.419],[-95.57,39.419],[-95.564,39.653],[-95.789,39.653],[-95.789,39.566],[-96.036,39.566],[-96.036,39.217],[-95.589,39.216],[-95.589,39.318]]]}},{"type":"Feature","properties":{"fips":"20173","county":"Sedgwick","state":"Kansas","acres":{"PEAS":1.6},"region":"nw-kansas","region_overlap":0.0},"geometry":{"type":"Polygon","coordinates":[[[-97.369,37.477],[-97.153,37.476],[-97.152,37.913],[-97.702,37.912],[-97.699,37.735],[-97.808,37.734],[-97.808,37.474],[-97.369,37.477]]]}},{"type":"Feature","properties":{"fips":"31023","county":"Butler","state":"Nebraska","acres":{"PEAS":25.6},"region":"sw-nebraska","region_overlap":0.0},"geometry":{"type":"Polygon","coordinates":[[[-96.908,41.22],[-96.906,41.456],[-96.965,41.442],[-97.016,41.414],[-97.057,41.413],[-97.106,41.388],[-97.176,41.377],[-97.199,41.386],[-97.254,41.384],[-97.288,41.401],[-97.341,41.391],[-97.368,41.398],[-97.368,41.047],[-96.909,41.046],[-96.908,41.22]]]}},{"type":"Feature","properties":{"fips":"20103","county":"Leavenworth","state":"Kansas","acres":{"DRY BEANS":0.7},"region":"nw-kansas","region_overlap":0.0},"geometry":{"type":"Polygon","coordinates":[[[-94.909,39.091],[-94.908,39.129],[-94.901,39.129],[-94.9,39.203],[-94.776,39.201],[-94.783,39.207],[-94.812,39.207],[-94.832,39.216],[-94.835,39.224],[-94.826,39.242],[-94.831,39.256],[-94.884,39.285],[-94.901,39.302],[-94.91,39.351],[-94.881,39.37],[-94.885,39.39],[-94.898,39.394],[-94.919,39.385],[-94.937,39.387],[-94.946,39.394],[-94.948,39.409],[-94.969,39.419],[-95.181,39.419],[-95.18,39.129],[-95.188,39.129],[-95.186,38.965],[-95.17,38.966],[-95.164,38.982],[-95.14,38.969],[-95.111,38.969],[-95.101,38.956],[-95.085,38.954],[-95.074,38.964],[-95.087,38.974],[-95.085,38.982],[-95.067,38.987],[-95.035,38.975],[-95.025,38.982],[-95.022,39.0],[-95.014,39.001],[-94.957,38.982],[-94.923,39.003],[-94.916,38.997],[-94.919,38.984],[-94.909,38.991],[-94.909,39.091]]]}},{"type":"Feature","properties":{"fips":"20109","county":"Logan","state":"Kansas","acres":{"DRY BEANS":0.7,"PEAS":53.2},"region":"nw-kansas","region_overlap":0.148},"geometry":{"type":"Polygon","coordinates":[[[-100.814,38.96],[-100.812,39.133],[-101.478,39.135],[-101.484,38.7],[-100.819,38.7],[-100.814,38.96]]]}},{"type":"Feature","properties":{"fips":"31065","county":"Furnas","state":"Nebraska","acres":{"PEAS":49.8},"region":"sw-nebraska","region_overlap":0.0},"geometry":{"type":"Polygon","coordinates":[[[-99.63,40.176],[-99.631,40.351],[-100.198,40.35],[-100.194,40.002],[-99.628,40.002],[-99.63,40.176]]]}},{"type":"Feature","properties":{"fips":"08021","county":"Conejos","state":"Colorado","acres":{"PEAS":386.3},"region":"western-colorado","region_overlap":0.0},"geometry":{"type":"Polygon","coordinates":[[[-106.1,36.995],[-105.718,36.996],[-105.725,37.013],[-105.746,37.014],[-105.75,37.027],[-105.761,37.026],[-105.771,37.046],[-105.764,37.056],[-105.77,37.065],[-105.741,37.102],[-105.75,37.114],[-105.749,37.135],[-105.731,37.156],[-105.738,37.166],[-105.73,37.18],[-105.739,37.191],[-105.736,37.2],[-105.746,37.218],[-105.741,37.24],[-105.746,37.249],[-105.738,37.266],[-105.724,37.275],[-105.728,37.284],[-105.72,37.29],[-105.729,37.305],[-105.738,37.306],[-105.743,37.316],[-105.738,37.32],[-105.751,37.334],[-105.753,37.345],[-105.743,37.357],[-106.039,37.357],[-106.039,37.401],[-106.678,37.404],[-106.678,37.229],[-106.597,37.195],[-106.589,37.14],[-106.476,36.994],[-106.1,36.995]]]}},{"type":"Feature","properties":{"fips":"31009","county":"Blaine","state":"Nebraska","acres":{"PEAS":0.2},"region":"sw-nebraska","region_overlap":0.0},"geometry":{"type":"Polygon","coordinates":[[[-100.268,42.072],[-100.265,41.74],[-99.687,41.74],[-99.687,42.086],[-100.268,42.086],[-100.268,42.072]]]}},{"type":"Feature","properties":{"fips":"56031","county":"Platte","state":"Wyoming","acres":{"DRY BEANS":1691.5,"CHICKPEAS":2.7,"PEAS":0.2},"region":"se-wyoming","region_overlap":0.163},"geometry":{"type":"Polygon","coordinates":[[[-105.079,42.608],[-105.287,42.606],[-105.281,42.089],[-105.274,42.089],[-105.272,41.986],[-105.272,41.742],[-105.279,41.742],[-105.278,41.657],[-104.653,41.653],[-104.656,42.609],[-105.079,42.608]]]}},{"type":"Feature","properties":{"fips":"20063","county":"Gove","state":"Kansas","acres":{"PEAS":143.2},"region":"nw-kansas","region_overlap":0.0},"geometry":{"type":"Polygon","coordinates":[[[-100.814,39.004],[-100.819,38.7],[-100.154,38.697],[-100.148,39.132],[-100.812,39.133],[-100.814,39.004]]]}},{"type":"Feature","properties":{"fips":"08051","county":"Gunnison","state":"Colorado","acres":{"DRY BEANS":0.4},"region":"western-colorado","region_overlap":0.0},"geometry":{"type":"Polygon","coordinates":[[[-107.001,38.384],[-107.001,38.426],[-106.247,38.423],[-106.245,38.439],[-106.274,38.447],[-106.273,38.455],[-106.289,38.461],[-106.29,38.473],[-106.304,38.478],[-106.311,38.495],[-106.33,38.494],[-106.344,38.505],[-106.348,38.512],[-106.343,38.522],[-106.355,38.543],[-106.345,38.569],[-106.361,38.594],[-106.364,38.614],[-106.385,38.625],[-106.38,38.638],[-106.401,38.64],[-106.402,38.646],[-106.418,38.644],[-106.43,38.651],[-106.438,38.683],[-106.452,38.699],[-106.443,38.709],[-106.425,38.71],[-106.417,38.728],[-106.419,38.766],[-106.413,38.791],[-106.423,38.808],[-106.415,38.815],[-106.416,38.824],[-106.407,38.829],[-106.396,38.823],[-106.384,38.825],[-106.382,38.833],[-106.364,38.846],[-106.365,38.853],[-106.349,38.855],[-106.349,38.865],[-106.336,38.872],[-106.321,38.893],[-106.326,38.911],[-106.345,38.907],[-106.357,38.913],[-106.373,38.907],[-106.381,38.926],[-106.402,38.911],[-106.421,38.928],[-106.437,38.915],[-106.465,38.91],[-106.527,38.955],[-106.522,38.969],[-106.528,38.981],[-106.554,38.999],[-106.577,38.99],[-106.595,38.991],[-106.599,38.998],[-106.613,38.996],[-106.648,39.022],[-106.647,39.033],[-106.655,39.044],[-106.684,39.045],[-106.695,39.056],[-106.706,39.055],[-106.71,39.048],[-106.749,39.043],[-106.745,39.027],[-106.762,39.019],[-106.783,38.999],[-106.784,38.987],[-106.802,38.978],[-106.827,38.978],[-106.846,38.986],[-106.862,39.009],[-106.878,39.006],[-106.878,38.994],[-106.884,38.99],[-106.908,38.993],[-106.91,39.001],[-106.965,39.018],[-106.964,39.03],[-106.996,39.034],[-107.002,39.042],[-106.99,39.052],[-106.989,39.071],[-106.997,39.069],[-107.066,39.119],[-107.282,39.119],[-107.296,39.154],[-107.353,39.173],[-107.377,39.199],[-107.379,39.231],[-107.371,39.239],[-107.376,39.246],[-107.394,39.256],[-107.427,39.258],[-107.43,39.241],[-107.451,39.231],[-107.475,39.229],[-107.484,39.235],[-107.488,39.226],[-107.501,39.218],[-107.5,38.302],[-107.635,38.302],[-107.613,38.262],[-107.591,38.252],[-107.58,38.231],[-107.581,38.213],[-107.576,38.21],[-107.562,38.159],[-107.569,38.147],[-107.001,38.147],[-107.001,38.384]]]}},{"type":"Feature","properties":{"fips":"20089","county":"Jewell","state":"Kansas","acres":{"PEAS":62.5},"region":"sw-nebraska","region_overlap":0.0},"geometry":{"type":"Polygon","coordinates":[[[-98.504,39.988],[-98.505,39.568],[-97.932,39.567],[-97.932,40.002],[-98.5,40.002],[-98.504,40.002],[-98.504,39.988]]]}},{"type":"Feature","properties":{"fips":"08025","county":"Crowley","state":"Colorado","acres":{"DRY BEANS":91.2},"region":"nw-kansas","region_overlap":0.0},"geometry":{"type":"Polygon","coordinates":[[[-103.748,38.113],[-103.619,38.113],[-103.619,38.171],[-103.509,38.173],[-103.51,38.265],[-103.502,38.265],[-103.502,38.274],[-103.502,38.342],[-103.507,38.342],[-103.505,38.516],[-103.613,38.518],[-103.613,38.523],[-104.054,38.522],[-104.058,38.146],[-104.027,38.14],[-103.995,38.147],[-103.975,38.14],[-103.974,38.132],[-103.934,38.124],[-103.923,38.13],[-103.913,38.125],[-103.913,38.134],[-103.906,38.135],[-103.899,38.131],[-103.901,38.125],[-103.866,38.129],[-103.846,38.123],[-103.836,38.113],[-103.812,38.118],[-103.803,38.113],[-103.748,38.113]]]}},{"type":"Feature","properties":{"fips":"31041","county":"Custer","state":"Nebraska","acres":{"PEAS":828.9},"region":"sw-nebraska","region_overlap":0.0},"geometry":{"type":"Polygon","coordinates":[[[-99.435,41.046],[-99.208,41.047],[-99.203,41.394],[-99.212,41.394],[-99.212,41.741],[-100.251,41.74],[-100.251,41.396],[-100.236,41.393],[-100.238,41.047],[-99.435,41.046]]]}},{"type":"Feature","properties":{"fips":"08101","county":"Pueblo","state":"Colorado","acres":{"DRY BEANS":2054.7},"region":"ne-colorado","region_overlap":0.0},"geometry":{"type":"Polygon","coordinates":[[[-104.942,38.52],[-104.94,38.258],[-105.049,38.258],[-105.05,37.915],[-105.032,37.904],[-105.035,37.895],[-105.014,37.881],[-104.646,37.901],[-104.061,37.735],[-104.054,38.522],[-104.942,38.52]]]}},{"type":"Feature","properties":{"fips":"56017","county":"Hot Springs","state":"Wyoming","acres":{"DRY BEANS":52.0},"region":"big-horn","region_overlap":0.0},"geometry":{"type":"Polygon","coordinates":[[[-109.313,43.813],[-109.31,43.805],[-109.275,43.797],[-109.262,43.774],[-109.23,43.759],[-109.197,43.712],[-109.171,43.699],[-109.172,43.62],[-108.934,43.619],[-108.934,43.605],[-108.814,43.605],[-108.814,43.576],[-108.695,43.576],[-108.695,43.532],[-108.576,43.533],[-108.576,43.503],[-108.457,43.503],[-108.457,43.474],[-108.338,43.474],[-108.338,43.46],[-108.251,43.46],[-108.156,43.46],[-108.156,43.471],[-107.595,43.472],[-107.595,43.646],[-107.716,43.646],[-107.716,43.733],[-107.957,43.733],[-107.956,43.819],[-108.175,43.819],[-108.194,43.828],[-108.202,43.826],[-108.185,43.848],[-108.31,43.847],[-108.309,43.903],[-108.43,43.903],[-108.427,43.992],[-108.489,43.992],[-108.49,44.08],[-108.792,44.08],[-108.792,43.991],[-108.916,43.991],[-108.913,43.905],[-109.093,43.904],[-109.094,43.818],[-109.313,43.813]]]}},{"type":"Feature","properties":{"fips":"31047","county":"Dawson","state":"Nebraska","acres":{"PEAS":125.7},"region":"sw-nebraska","region_overlap":0.0},"geometry":{"type":"Polygon","coordinates":[[[-100.225,40.924],[-100.223,40.7],[-99.699,40.7],[-99.665,40.688],[-99.583,40.677],[-99.446,40.678],[-99.417,40.671],[-99.416,40.7],[-99.427,40.7],[-99.426,41.046],[-100.224,41.047],[-100.225,40.924]]]}},{"type":"Feature","properties":{"fips":"31005","county":"Arthur","state":"Nebraska","acres":{"DRY BEANS":14.5,"CHICKPEAS":2.7,"PEAS":53.2},"region":"ne-panhandle","region_overlap":0.0},"geometry":{"type":"Polygon","coordinates":[[[-101.986,41.578],[-101.985,41.395],[-101.407,41.395],[-101.406,41.743],[-101.986,41.742],[-101.986,41.578]]]}},{"type":"Feature","properties":{"fips":"31035","county":"Clay","state":"Nebraska","acres":{"PEAS":133.9},"region":"sw-nebraska","region_overlap":0.0},"geometry":{"type":"Polygon","coordinates":[[[-97.938,40.35],[-97.824,40.351],[-97.825,40.699],[-98.278,40.698],[-98.278,40.35],[-97.938,40.35]]]}},{"type":"Feature","properties":{"fips":"08095","county":"Phillips","state":"Colorado","acres":{"DRY BEANS":831.8,"CHICKPEAS":52.0,"PEAS":2580.0},"region":"sw-nebraska","region_overlap":0.643},"geometry":{"type":"Polygon","coordinates":[[[-102.397,40.44],[-102.051,40.44],[-102.051,40.75],[-102.651,40.749],[-102.651,40.705],[-102.665,40.705],[-102.665,40.438],[-102.397,40.44]]]}},{"type":"Feature","properties":{"fips":"31017","county":"Brown","state":"Nebraska","acres":{"DRY BEANS":20.7,"PEAS":44.0},"region":"ne-panhandle","region_overlap":0.0},"geometry":{"type":"Polygon","coordinates":[[[-99.663,42.173],[-99.664,42.435],[-99.676,42.434],[-99.678,42.731],[-99.711,42.727],[-99.752,42.738],[-99.801,42.739],[-99.837,42.754],[-99.853,42.751],[-99.864,42.769],[-99.898,42.765],[-99.969,42.772],[-100.008,42.789],[-100.056,42.785],[-100.134,42.808],[-100.139,42.813],[-100.134,42.821],[-100.145,42.83],[-100.161,42.828],[-100.163,42.833],[-100.188,42.838],[-100.198,42.846],[-100.199,42.781],[-100.183,42.781],[-100.183,42.433],[-100.168,42.433],[-100.168,42.086],[-99.662,42.086],[-99.663,42.173]]]}},{"type":"Feature","properties":{"fips":"20111","county":"Lyon","state":"Kansas","acres":{"PEAS":20.5},"region":"nw-kansas","region_overlap":0.0},"geometry":{"type":"Polygon","coordinates":[[[-95.95,38.318],[-95.946,38.739],[-96.353,38.739],[-96.357,38.173],[-95.959,38.171],[-95.959,38.26],[-95.95,38.26],[-95.95,38.318]]]}},{"type":"Feature","properties":{"fips":"08053","county":"Hinsdale","state":"Colorado","acres":{"DRY BEANS":0.4},"region":"western-colorado","region_overlap":0.0},"geometry":{"type":"Polygon","coordinates":[[[-107.591,37.992],[-107.584,37.977],[-107.587,37.968],[-107.569,37.966],[-107.563,37.955],[-107.533,37.944],[-107.537,37.921],[-107.52,37.901],[-107.533,37.889],[-107.536,37.874],[-107.518,37.857],[-107.522,37.842],[-107.517,37.827],[-107.485,37.822],[-107.459,37.794],[-107.458,37.782],[-107.467,37.766],[-107.482,37.768],[-107.482,37.423],[-107.129,37.423],[-107.124,37.675],[-107.145,37.675],[-107.138,37.939],[-107.111,37.943],[-107.103,37.955],[-107.092,37.949],[-107.068,37.961],[-107.043,37.949],[-107.026,37.955],[-107.009,37.947],[-107.006,37.956],[-107.001,37.956],[-107.001,38.147],[-107.569,38.147],[-107.574,38.136],[-107.564,38.125],[-107.565,38.099],[-107.56,38.088],[-107.55,38.078],[-107.533,38.08],[-107.511,38.061],[-107.522,38.057],[-107.522,38.042],[-107.538,38.032],[-107.538,38.009],[-107.547,38.0],[-107.574,38.006],[-107.591,37.992]]]}},{"type":"Feature","properties":{"fips":"20127","county":"Morris","state":"Kansas","acres":{"DRY BEANS":0.4,"PEAS":5.1},"region":"nw-kansas","region_overlap":0.0},"geometry":{"type":"Polygon","coordinates":[[[-96.927,38.769],[-96.927,38.696],[-96.934,38.655],[-96.93,38.652],[-96.93,38.522],[-96.354,38.522],[-96.353,38.739],[-96.39,38.739],[-96.39,38.826],[-96.501,38.826],[-96.502,38.87],[-96.89,38.87],[-96.89,38.812],[-96.927,38.812],[-96.927,38.769]]]}},{"type":"Feature","properties":{"fips":"31039","county":"Cuming","state":"Nebraska","acres":{"PEAS":0.4},"region":"sw-nebraska","region_overlap":0.0},"geometry":{"type":"Polygon","coordinates":[[[-96.555,41.829],[-96.556,42.09],[-97.019,42.091],[-97.02,41.743],[-96.555,41.742],[-96.555,41.829]]]}},{"type":"Feature","properties":{"fips":"31109","county":"Lancaster","state":"Nebraska","acres":{"PEAS":31.1},"region":"sw-nebraska","region_overlap":0.0},"geometry":{"type":"Polygon","coordinates":[[[-96.464,40.697],[-96.464,41.045],[-96.911,41.046],[-96.913,40.524],[-96.464,40.523],[-96.464,40.697]]]}},{"type":"Feature","properties":{"fips":"31129","county":"Nuckolls","state":"Nebraska","acres":{"PEAS":6.0},"region":"sw-nebraska","region_overlap":0.0},"geometry":{"type":"Polygon","coordinates":[[[-98.274,40.118],[-98.274,40.003],[-97.821,40.002],[-97.821,40.351],[-98.274,40.35],[-98.274,40.118]]]}},{"type":"Feature","properties":{"fips":"08067","county":"La Plata","state":"Colorado","acres":{"DRY BEANS":7.6},"region":"western-colorado","region_overlap":0.0},"geometry":{"type":"Polygon","coordinates":[[[-107.712,37.0],[-107.482,37.0],[-107.482,37.64],[-107.97,37.64],[-107.972,37.63],[-107.987,37.625],[-108.023,37.591],[-108.018,37.567],[-108.025,37.54],[-108.035,37.532],[-108.033,37.465],[-108.044,37.443],[-108.053,37.438],[-108.078,37.439],[-108.08,37.429],[-108.105,37.406],[-108.106,37.382],[-108.14,37.373],[-108.152,37.363],[-108.173,37.366],[-108.198,37.355],[-108.208,37.335],[-108.203,37.326],[-108.216,37.312],[-108.213,37.3],[-108.22,37.287],[-108.235,37.275],[-108.261,37.235],[-108.291,37.223],[-108.297,37.213],[-108.293,37.198],[-108.297,37.171],[-108.29,37.146],[-108.31,37.129],[-108.31,37.105],[-108.321,37.097],[-108.334,37.055],[-108.354,37.039],[-108.355,37.026],[-108.372,37.029],[-108.381,37.001],[-107.712,37.0]]]}},{"type":"Feature","properties":{"fips":"31135","county":"Perkins","state":"Nebraska","acres":{"DRY BEANS":2029.6,"CHICKPEAS":115.9,"PEAS":2582.4},"region":"sw-nebraska","region_overlap":0.982},"geometry":{"type":"Polygon","coordinates":[[[-101.496,40.699],[-101.248,40.698],[-101.25,41.004],[-102.052,41.004],[-102.051,40.698],[-101.496,40.699]]]}},{"type":"Feature","properties":{"fips":"31165","county":"Sioux","state":"Nebraska","acres":{"DRY BEANS":3021.0,"CHICKPEAS":49.1,"PEAS":40.0},"region":"ne-panhandle","region_overlap":0.203},"geometry":{"type":"Polygon","coordinates":[[[-104.053,43.0],[-104.053,42.002],[-103.402,42.004],[-103.402,42.09],[-103.444,42.091],[-103.444,42.437],[-103.48,42.437],[-103.48,42.785],[-103.503,42.785],[-103.505,43.001],[-104.053,43.0]]]}},{"type":"Feature","properties":{"fips":"31053","county":"Dodge","state":"Nebraska","acres":{"PEAS":4.0},"region":"sw-nebraska","region_overlap":0.0},"geometry":{"type":"Polygon","coordinates":[[[-96.425,41.48],[-96.425,41.495],[-96.435,41.495],[-96.434,41.524],[-96.444,41.524],[-96.444,41.742],[-96.906,41.743],[-96.906,41.453],[-96.815,41.44],[-96.774,41.45],[-96.747,41.45],[-96.695,41.426],[-96.64,41.436],[-96.569,41.433],[-96.496,41.394],[-96.329,41.393],[-96.329,41.437],[-96.367,41.437],[-96.367,41.451],[-96.386,41.451],[-96.386,41.466],[-96.406,41.466],[-96.406,41.48],[-96.425,41.48]]]}},{"type":"Feature","properties":{"fips":"20135","county":"Ness","state":"Kansas","acres":{"PEAS":95.4},"region":"nw-kansas","region_overlap":0.0},"geometry":{"type":"Polygon","coordinates":[[[-99.585,38.408],[-99.585,38.697],[-100.247,38.698],[-100.244,38.262],[-99.584,38.262],[-99.585,38.408]]]}},{"type":"Feature","properties":{"fips":"31029","county":"Chase","state":"Nebraska","acres":{"DRY BEANS":6062.5,"CHICKPEAS":30.5,"PEAS":1900.8},"region":"sw-nebraska","region_overlap":1.0},"geometry":{"type":"Polygon","coordinates":[[[-101.456,40.35],[-101.343,40.35],[-101.345,40.698],[-102.051,40.698],[-102.052,40.349],[-101.456,40.35]]]}},{"type":"Feature","properties":{"fips":"08109","county":"Saguache","state":"Colorado","acres":{"PEAS":378.1},"region":"western-colorado","region_overlap":0.0},"geometry":{"type":"Polygon","coordinates":[[[-107.002,38.093],[-107.001,37.956],[-106.988,37.962],[-106.987,37.969],[-106.968,37.975],[-106.944,37.954],[-106.92,37.967],[-106.895,37.967],[-106.879,37.961],[-106.88,37.95],[-106.847,37.919],[-106.801,37.914],[-106.773,37.886],[-106.756,37.881],[-106.737,37.888],[-106.719,37.873],[-106.695,37.875],[-106.694,37.835],[-106.587,37.834],[-106.586,37.748],[-105.457,37.751],[-105.449,37.779],[-105.455,37.796],[-105.435,37.805],[-105.429,37.852],[-105.441,37.87],[-105.457,37.88],[-105.478,37.88],[-105.473,37.897],[-105.53,37.953],[-105.56,37.952],[-105.584,37.968],[-105.582,37.978],[-105.605,38.005],[-105.597,38.013],[-105.603,38.031],[-105.613,38.038],[-105.618,38.053],[-105.628,38.057],[-105.627,38.067],[-105.661,38.101],[-105.658,38.117],[-105.67,38.129],[-105.676,38.146],[-105.67,38.153],[-105.673,38.159],[-105.699,38.168],[-105.736,38.209],[-105.756,38.218],[-105.759,38.229],[-105.788,38.242],[-105.8,38.27],[-105.819,38.274],[-105.841,38.292],[-105.858,38.298],[-105.876,38.316],[-105.894,38.347],[-105.945,38.379],[-105.948,38.391],[-105.968,38.409],[-105.984,38.42],[-105.997,38.42],[-106.019,38.454],[-106.059,38.457],[-106.058,38.444],[-106.069,38.43],[-106.088,38.422],[-107.001,38.426],[-107.002,38.093]]]}},{"type":"Feature","properties":{"fips":"31079","county":"Hall","state":"Nebraska","acres":{"PEAS":175.7},"region":"sw-nebraska","region_overlap":0.0},"geometry":{"type":"Polygon","coordinates":[[[-98.378,41.046],[-98.722,41.047],[-98.721,40.699],[-98.283,40.698],[-98.282,41.046],[-98.378,41.046]]]}},{"type":"Feature","properties":{"fips":"31081","county":"Hamilton","state":"Nebraska","acres":{"PEAS":6.2},"region":"sw-nebraska","region_overlap":0.0},"geometry":{"type":"Polygon","coordinates":[[[-97.826,40.959],[-97.828,41.173],[-97.886,41.115],[-97.967,41.086],[-97.97,41.091],[-98.011,41.073],[-98.03,41.05],[-98.089,41.01],[-98.146,40.984],[-98.17,40.955],[-98.215,40.931],[-98.275,40.88],[-98.283,40.869],[-98.283,40.698],[-97.826,40.699],[-97.826,40.959]]]}},{"type":"Feature","properties":{"fips":"31115","county":"Loup","state":"Nebraska","acres":{"PEAS":4.9},"region":"sw-nebraska","region_overlap":0.0},"geometry":{"type":"Polygon","coordinates":[[[-99.38,41.742],[-99.222,41.741],[-99.223,42.088],[-99.687,42.086],[-99.687,41.74],[-99.38,41.742]]]}},{"type":"Feature","properties":{"fips":"31013","county":"Box Butte","state":"Nebraska","acres":{"DRY BEANS":17137.5,"CHICKPEAS":3184.0,"PEAS":1380.0},"region":"ne-panhandle","region_overlap":0.999},"geometry":{"type":"Polygon","coordinates":[[[-103.444,42.141],[-103.444,42.091],[-103.402,42.09],[-103.402,42.004],[-102.698,42.005],[-102.702,42.093],[-102.742,42.092],[-102.749,42.44],[-103.444,42.437],[-103.444,42.141]]]}},{"type":"Feature","properties":{"fips":"31173","county":"Thurston","state":"Nebraska","acres":{"PEAS":1.6},"region":"sw-nebraska","region_overlap":0.0},"geometry":{"type":"Polygon","coordinates":[[[-96.823,42.236],[-96.824,42.09],[-96.556,42.09],[-96.555,42.016],[-96.31,42.015],[-96.309,42.047],[-96.273,42.047],[-96.279,42.071],[-96.268,42.097],[-96.269,42.114],[-96.283,42.125],[-96.31,42.132],[-96.35,42.171],[-96.347,42.193],[-96.36,42.211],[-96.337,42.217],[-96.323,42.233],[-96.33,42.24],[-96.331,42.259],[-96.356,42.276],[-96.727,42.278],[-96.726,42.264],[-96.822,42.264],[-96.823,42.236]]]}},{"type":"Feature","properties":{"fips":"20113","county":"McPherson","state":"Kansas","acres":{"PEAS":22.2},"region":"nw-kansas","region_overlap":0.0},"geometry":{"type":"Polygon","coordinates":[[[-97.702,38.174],[-97.372,38.174],[-97.372,38.609],[-97.925,38.61],[-97.922,38.174],[-97.702,38.174]]]}},{"type":"Feature","properties":{"fips":"08003","county":"Alamosa","state":"Colorado","acres":{"PEAS":280.4},"region":"western-colorado","region_overlap":0.0},"geometry":{"type":"Polygon","coordinates":[[[-106.039,37.577],[-106.039,37.357],[-105.743,37.357],[-105.486,37.578],[-105.502,37.597],[-105.493,37.601],[-105.499,37.614],[-105.487,37.653],[-105.477,37.666],[-105.478,37.708],[-105.457,37.719],[-105.453,37.741],[-105.457,37.751],[-106.038,37.748],[-106.039,37.577]]]}},{"type":"Feature","properties":{"fips":"20077","county":"Harper","state":"Kansas","acres":{"PEAS":21.1},"region":"nw-kansas","region_overlap":0.0},"geometry":{"type":"Polygon","coordinates":[[[-97.965,36.999],[-97.802,36.999],[-97.805,37.386],[-98.35,37.384],[-98.347,36.998],[-97.965,36.999]]]}},{"type":"Feature","properties":{"fips":"20189","county":"Stevens","state":"Kansas","acres":{"DRY BEANS":122.8,"PEAS":6.0},"region":"nw-kansas","region_overlap":0.0},"geometry":{"type":"Polygon","coordinates":[[[-101.283,36.997],[-101.066,36.998],[-101.068,37.388],[-101.557,37.388],[-101.555,36.995],[-101.283,36.997]]]}},{"type":"Feature","properties":{"fips":"31125","county":"Nance","state":"Nebraska","acres":{"PEAS":3.3},"region":"sw-nebraska","region_overlap":0.0},"geometry":{"type":"Polygon","coordinates":[[[-97.704,41.421],[-97.704,41.527],[-97.885,41.526],[-97.885,41.511],[-98.041,41.511],[-98.041,41.496],[-98.1,41.495],[-98.1,41.481],[-98.291,41.481],[-98.291,41.394],[-98.274,41.394],[-98.275,41.264],[-98.102,41.264],[-98.102,41.279],[-98.053,41.279],[-98.053,41.293],[-97.898,41.294],[-97.898,41.308],[-97.705,41.309],[-97.704,41.421]]]}},{"type":"Feature","properties":{"fips":"31085","county":"Hayes","state":"Nebraska","acres":{"DRY BEANS":618.0,"CHICKPEAS":3.6,"PEAS":23.6},"region":"sw-nebraska","region_overlap":0.594},"geometry":{"type":"Polygon","coordinates":[[[-101.006,40.7],[-101.345,40.698],[-101.343,40.35],[-100.777,40.349],[-100.783,40.542],[-100.778,40.7],[-101.006,40.7]]]}},{"type":"Feature","properties":{"fips":"56013","county":"Fremont","state":"Wyoming","acres":{"DRY BEANS":2758.8},"region":"big-horn","region_overlap":0.041},"geometry":{"type":"Polygon","coordinates":[[[-109.326,42.869],[-109.315,42.856],[-109.279,42.846],[-109.269,42.825],[-109.248,42.806],[-109.237,42.81],[-109.214,42.8],[-109.21,42.793],[-109.226,42.791],[-109.237,42.777],[-109.236,42.768],[-109.217,42.76],[-109.21,42.77],[-109.195,42.769],[-109.179,42.751],[-109.132,42.737],[-109.148,42.728],[-109.128,42.708],[-109.138,42.705],[-109.134,42.694],[-109.073,42.694],[-109.069,42.433],[-109.044,42.434],[-109.044,42.264],[-107.523,42.262],[-107.523,42.434],[-107.542,42.434],[-107.544,42.782],[-107.501,42.781],[-107.502,43.128],[-107.517,43.128],[-107.517,43.473],[-107.535,43.473],[-107.535,43.501],[-107.595,43.501],[-107.595,43.472],[-108.156,43.471],[-108.156,43.46],[-108.338,43.46],[-108.338,43.474],[-108.457,43.474],[-108.457,43.503],[-108.576,43.503],[-108.576,43.533],[-108.695,43.532],[-108.695,43.576],[-108.814,43.576],[-108.814,43.605],[-108.934,43.605],[-108.934,43.619],[-109.172,43.62],[-109.171,43.699],[-109.197,43.712],[-109.23,43.759],[-109.262,43.774],[-109.275,43.797],[-109.31,43.805],[-109.322,43.835],[-109.336,43.842],[-109.367,43.843],[-109.374,43.877],[-109.398,43.884],[-109.405,43.902],[-109.434,43.914],[-109.442,43.93],[-109.472,43.932],[-109.476,43.949],[-109.511,43.939],[-109.542,43.961],[-109.567,43.955],[-109.584,43.938],[-109.605,43.948],[-109.614,43.927],[-109.642,43.923],[-109.654,43.907],[-109.653,43.887],[-109.659,43.879],[-109.667,43.881],[-109.672,43.868],[-109.665,43.846],[-109.72,43.838],[-109.753,43.817],[-109.764,43.821],[-109.787,43.801],[-109.826,43.816],[-109.828,43.824],[-109.842,43.819],[-109.856,43.828],[-109.85,43.837],[-109.856,43.842],[-109.855,43.848],[-109.814,43.862],[-109.832,43.872],[-109.818,43.883],[-109.833,43.895],[-109.859,43.901],[-109.848,43.908],[-109.852,43.927],[-109.874,43.93],[-109.858,43.942],[-109.859,43.958],[-109.884,43.949],[-109.922,43.946],[-109.959,43.965],[-109.994,43.95],[-110.002,43.955],[-110.002,43.967],[-110.019,43.968],[-110.019,43.98],[-110.032,44.001],[-110.053,44.008],[-110.052,43.465],[-109.755,43.463],[-109.754,43.366],[-109.734,43.366],[-109.711,43.374],[-109.694,43.365],[-109.7,43.335],[-109.672,43.309],[-109.674,43.297],[-109.686,43.286],[-109.679,43.273],[-109.693,43.265],[-109.674,43.248],[-109.678,43.236],[-109.67,43.229],[-109.676,43.215],[-109.659,43.202],[-109.651,43.167],[-109.63,43.163],[-109.631,43.149],[-109.622,43.127],[-109.596,43.118],[-109.581,43.101],[-109.57,43.1],[-109.562,43.078],[-109.553,43.072],[-109.553,43.059],[-109.571,43.049],[-109.56,43.048],[-109.561,43.04],[-109.549,43.037],[-109.556,43.028],[-109.553,43.013],[-109.502,43.011],[-109.492,42.996],[-109.467,42.992],[-109.454,42.97],[-109.432,42.968],[-109.429,42.961],[-109.405,42.951],[-109.398,42.939],[-109.37,42.946],[-109.356,42.925],[-109.345,42.919],[-109.326,42.869]]]}},{"type":"Feature","properties":{"fips":"08115","county":"Sedgwick","state":"Colorado","acres":{"DRY BEANS":1129.8,"CHICKPEAS":298.7,"PEAS":409.7},"region":"sw-nebraska","region_overlap":0.309},"geometry":{"type":"Polygon","coordinates":[[[-102.653,41.0],[-102.651,40.749],[-102.051,40.75],[-102.052,41.002],[-102.653,41.0]]]}},{"type":"Feature","properties":{"fips":"20067","county":"Grant","state":"Kansas","acres":{"DRY BEANS":10.2},"region":"nw-kansas","region_overlap":0.057},"geometry":{"type":"Polygon","coordinates":[[[-101.527,37.736],[-101.526,37.388],[-101.09,37.388],[-101.09,37.736],[-101.527,37.736]]]}},{"type":"Feature","properties":{"fips":"31123","county":"Morrill","state":"Nebraska","acres":{"DRY BEANS":7856.8,"CHICKPEAS":226.4,"PEAS":605.6},"region":"ne-panhandle","region_overlap":0.862},"geometry":{"type":"Polygon","coordinates":[[[-102.945,41.438],[-102.637,41.439],[-102.636,41.743],[-102.664,41.743],[-102.677,41.787],[-102.678,42.005],[-103.363,42.003],[-103.363,41.744],[-103.37,41.743],[-103.371,41.724],[-103.369,41.438],[-102.945,41.438]]]}},{"type":"Feature","properties":{"fips":"08001","county":"Adams","state":"Colorado","acres":{"DRY BEANS":74.7,"PEAS":8.7},"region":"ne-colorado","region_overlap":0.007},"geometry":{"type":"Polygon","coordinates":[[[-104.885,39.747],[-104.885,39.74],[-103.707,39.74],[-103.706,40.001],[-104.981,40.0],[-104.988,39.976],[-104.997,39.974],[-104.988,39.968],[-104.997,39.969],[-104.997,39.981],[-105.016,39.981],[-105.017,39.953],[-104.997,39.943],[-105.016,39.943],[-105.015,39.921],[-105.053,39.914],[-105.053,39.791],[-104.976,39.791],[-104.969,39.798],[-104.969,39.791],[-104.94,39.795],[-104.927,39.791],[-104.927,39.784],[-104.903,39.784],[-104.904,39.798],[-104.884,39.798],[-104.884,39.813],[-104.866,39.813],[-104.866,39.798],[-104.791,39.798],[-104.791,39.842],[-104.731,39.845],[-104.73,39.896],[-104.703,39.896],[-104.703,39.907],[-104.692,39.907],[-104.692,39.914],[-104.68,39.914],[-104.68,39.907],[-104.631,39.907],[-104.631,39.899],[-104.6,39.899],[-104.605,39.873],[-104.619,39.873],[-104.62,39.822],[-104.655,39.823],[-104.655,39.813],[-104.666,39.813],[-104.666,39.823],[-104.762,39.823],[-104.763,39.798],[-104.734,39.798],[-104.735,39.769],[-104.765,39.769],[-104.772,39.776],[-104.828,39.773],[-104.833,39.766],[-104.856,39.769],[-104.856,39.758],[-104.847,39.755],[-104.88,39.755],[-104.885,39.747]]]}},{"type":"Feature","properties":{"fips":"20039","county":"Decatur","state":"Kansas","acres":{"DRY BEANS":0.2,"PEAS":177.5},"region":"sw-nebraska","region_overlap":0.0},"geometry":{"type":"Polygon","coordinates":[[[-100.514,40.002],[-100.739,40.002],[-100.741,39.568],[-100.18,39.567],[-100.178,40.002],[-100.514,40.002]]]}},{"type":"Feature","properties":{"fips":"31015","county":"Boyd","state":"Nebraska","acres":{"DRY BEANS":148.8,"PEAS":39.8},"region":"ne-panhandle","region_overlap":0.0},"geometry":{"type":"Polygon","coordinates":[[[-98.546,42.78],[-98.466,42.766],[-98.416,42.776],[-98.366,42.768],[-98.341,42.771],[-98.305,42.761],[-98.305,42.785],[-98.31,42.785],[-98.31,42.883],[-98.421,42.932],[-98.445,42.93],[-98.467,42.948],[-98.499,42.999],[-99.254,42.998],[-99.257,42.804],[-99.154,42.842],[-99.057,42.863],[-98.994,42.894],[-98.967,42.897],[-98.955,42.894],[-98.882,42.841],[-98.843,42.846],[-98.811,42.828],[-98.763,42.828],[-98.71,42.803],[-98.675,42.803],[-98.657,42.809],[-98.584,42.78],[-98.546,42.78]]]}},{"type":"Feature","properties":{"fips":"20053","county":"Ellsworth","state":"Kansas","acres":{"PEAS":50.7},"region":"nw-kansas","region_overlap":0.0},"geometry":{"type":"Polygon","coordinates":[[[-98.035,38.522],[-97.924,38.523],[-97.929,38.871],[-98.485,38.871],[-98.48,38.522],[-98.035,38.522]]]}},{"type":"Feature","properties":{"fips":"31175","county":"Valley","state":"Nebraska","acres":{"PEAS":28.7},"region":"sw-nebraska","region_overlap":0.0},"geometry":{"type":"Polygon","coordinates":[[[-99.097,41.74],[-99.212,41.741],[-99.212,41.394],[-98.752,41.394],[-98.752,41.74],[-99.097,41.74]]]}},{"type":"Feature","properties":{"fips":"56015","county":"Goshen","state":"Wyoming","acres":{"DRY BEANS":3044.4,"CHICKPEAS":27.6,"PEAS":34.2},"region":"se-wyoming","region_overlap":0.335},"geometry":{"type":"Polygon","coordinates":[[[-104.656,42.609],[-104.653,41.565],[-104.053,41.564],[-104.053,42.612],[-104.656,42.609]]]}},{"type":"Feature","properties":{"fips":"31073","county":"Gosper","state":"Nebraska","acres":{"PEAS":360.5},"region":"sw-nebraska","region_overlap":0.0},"geometry":{"type":"Polygon","coordinates":[[[-99.981,40.625],[-99.981,40.438],[-100.095,40.439],[-100.095,40.351],[-99.642,40.351],[-99.643,40.685],[-99.699,40.7],[-99.982,40.7],[-99.981,40.625]]]}},{"type":"Feature","properties":{"fips":"08007","county":"Archuleta","state":"Colorado","acres":{"DRY BEANS":1.8},"region":"western-colorado","region_overlap":0.0},"geometry":{"type":"Polygon","coordinates":[[[-107.482,37.324],[-107.482,37.0],[-106.476,36.994],[-106.589,37.14],[-106.597,37.195],[-106.678,37.229],[-106.678,37.404],[-106.711,37.404],[-106.711,37.396],[-107.129,37.392],[-107.129,37.423],[-107.482,37.423],[-107.482,37.324]]]}},{"type":"Feature","properties":{"fips":"31099","county":"Kearney","state":"Nebraska","acres":{"PEAS":1.6},"region":"sw-nebraska","region_overlap":0.0},"geometry":{"type":"Polygon","coordinates":[[[-98.914,40.653],[-98.974,40.657],[-99.034,40.653],[-99.179,40.661],[-99.179,40.351],[-98.724,40.35],[-98.724,40.69],[-98.826,40.675],[-98.865,40.66],[-98.914,40.653]]]}},{"type":"Feature","properties":{"fips":"31087","county":"Hitchcock","state":"Nebraska","acres":{"PEAS":105.2},"region":"sw-nebraska","region_overlap":0.548},"geometry":{"type":"Polygon","coordinates":[[[-100.872,40.349],[-101.323,40.351],[-101.324,40.003],[-100.759,40.002],[-100.758,40.35],[-100.872,40.349]]]}},{"type":"Feature","properties":{"fips":"56043","county":"Washakie","state":"Wyoming","acres":{"DRY BEANS":145.9},"region":"big-horn","region_overlap":0.0},"geometry":{"type":"Polygon","coordinates":[[[-108.551,44.128],[-108.551,44.079],[-108.49,44.08],[-108.489,43.992],[-108.427,43.992],[-108.43,43.903],[-108.309,43.903],[-108.31,43.847],[-108.185,43.848],[-108.202,43.826],[-108.194,43.828],[-108.175,43.819],[-107.956,43.819],[-107.957,43.733],[-107.716,43.733],[-107.716,43.646],[-107.595,43.646],[-107.595,43.501],[-107.111,43.5],[-107.114,43.816],[-107.128,43.816],[-107.129,44.166],[-108.551,44.168],[-108.551,44.128]]]}},{"type":"Feature","properties":{"fips":"20203","county":"Wichita","state":"Kansas","acres":{"DRY BEANS":16.0,"PEAS":0.2},"region":"nw-kansas","region_overlap":0.353},"geometry":{"type":"Polygon","coordinates":[[[-101.567,38.263],[-101.125,38.265],[-101.128,38.701],[-101.567,38.7],[-101.567,38.263]]]}},{"type":"Feature","properties":{"fips":"31027","county":"Cedar","state":"Nebraska","acres":{"PEAS":147.4},"region":"sw-nebraska","region_overlap":0.0},"geometry":{"type":"Polygon","coordinates":[[[-97.015,42.699],[-97.016,42.761],[-97.066,42.772],[-97.131,42.772],[-97.151,42.796],[-97.21,42.809],[-97.218,42.845],[-97.232,42.851],[-97.29,42.855],[-97.307,42.868],[-97.36,42.855],[-97.377,42.865],[-97.407,42.868],[-97.442,42.846],[-97.485,42.85],[-97.485,42.439],[-97.368,42.439],[-97.368,42.352],[-97.018,42.351],[-97.015,42.699]]]}},{"type":"Feature","properties":{"fips":"31031","county":"Cherry","state":"Nebraska","acres":{"DRY BEANS":1116.9,"PEAS":683.0},"region":"ne-panhandle","region_overlap":0.039},"geometry":{"type":"Polygon","coordinates":[[[-100.907,42.998],[-102.083,42.999],[-102.085,42.786],[-102.067,42.785],[-102.067,42.443],[-102.038,42.443],[-102.04,42.097],[-100.168,42.086],[-100.168,42.433],[-100.183,42.433],[-100.183,42.781],[-100.199,42.781],[-100.198,42.999],[-100.907,42.998]]]}}],"region_assignment":{"method":"largest area overlap with the analysis region outline; nearest region where a county overlaps none","counties_by_nearest_only":157}}